bias_z,frequency_ghz,mean_centered_abs_response
# Source: Zhang et al., Phys. Rev. Applied 24, 034003 (2025), Fig. 2 data.
# Dataset: https://doi.org/10.5281/zenodo.16791932 (CC BY 4.0).
# Modified: file-wise mean subtraction, absolute value, and restriction to the two comparison windows.
0.54,4.945000,13.0020775521
0.54,4.940000,17.7718026213
0.54,4.935000,12.2063785595
0.54,4.930000,15.3077062268
0.54,4.925000,16.0929599775
0.54,4.920000,19.9502600045
0.54,4.915000,16.0428275662
0.54,4.910000,18.4681223259
0.54,4.905000,19.1836662687
0.54,4.900000,15.5095249668
0.54,4.895000,18.8570406697
0.54,4.890000,15.8799897176
0.54,4.885000,17.309461023
0.54,4.880000,18.0988953804
0.54,4.875000,20.9324543123
0.54,4.870000,22.863705674
0.54,4.865000,20.2301865261
0.54,4.860000,27.5839021427
0.54,4.855000,28.6895353268
0.54,4.850000,33.5584413998
0.54,4.845000,31.8629689798
0.54,4.840000,42.9934971538
0.54,4.835000,55.4278564158
0.54,4.830000,51.8618759028
0.54,4.825000,63.2994198068
0.54,4.820000,53.6305625478
0.54,4.815000,54.4995907978
0.54,4.810000,47.6995686308
0.54,4.805000,42.2141378298
0.54,4.800000,24.0909709975
0.54,4.800000,48.5000691706
0.54,4.795000,9.59358722482
0.54,4.790000,10.6378625261
0.54,4.785000,13.2745796242
0.54,4.780000,13.3204578389
0.54,4.780000,8.38537934464
0.54,4.775000,6.62482112434
0.54,4.770000,10.7211006702
0.54,4.765000,6.81097381684
0.54,4.760000,9.67283676144
0.54,4.755000,12.6290682578
0.54,4.750000,7.06654663374
0.54,4.745000,8.85766328864
0.54,4.740000,8.49177124284
0.54,4.735000,10.6774104847
0.54,4.730000,9.89658107884
0.54,4.725000,7.94507477124
0.54,4.720000,8.53687491464
0.54,4.715000,7.57075080774
0.54,4.710000,8.76012390994
0.54,4.655000,4.60324430608
0.54,4.650000,2.03233593268
0.54,4.645000,5.06711106948
0.54,4.640000,14.2791275029
0.54,4.635000,92.9757690268
0.54,4.630000,11.9247832365
0.54,4.625000,32.7770778068
0.54,4.620000,15.7733766692
0.54,4.615000,8.99005021282
0.54,4.610000,11.9867198902
0.54,4.605000,13.4590716021
0.54,4.600000,87.6747001578
0.54,4.595000,16.3283380325
0.54,4.590000,2.28618684132
0.54,4.585000,0.379856808079
0.54,4.580000,5.64861142268
0.54,4.575000,4.39791322718
0.54,4.570000,5.66175207168
0.54,4.565000,3.02129566728
0.54,4.560000,3.58806784028
0.54,4.555000,4.20911193188
0.54,4.550000,3.92324603498
0.54,4.545000,1.68602750308
0.54,4.540000,3.90448966298
0.54,4.535000,3.88670936998
0.54,4.530000,1.70277489668
0.54,4.525000,3.41561142018
0.54,4.520000,3.65320550848
0.54,4.515000,2.00925793508
0.54,4.510000,4.31666830612
0.54,4.505000,1.10761237348
0.54,4.500000,3.30932003368
0.54,4.495000,0.181599261879
0.54,4.490000,2.18587348568
0.54,4.485000,4.67386226538
0.54,4.480000,5.52479678658
0.54,4.475000,3.75466198068
0.54,4.470000,2.22538462832
0.54,4.465000,1.49001132538
0.54,4.460000,3.09523241058
0.54,4.455000,5.02059280748
0.54,4.450000,6.05729699148
0.54,4.445000,1.36343047208
0.54,4.440000,0.0740263017214
0.54,4.435000,3.32028846208
0.54,4.430000,5.13089125418
0.54,4.425000,0.520264469979
0.54,4.420000,3.26805300778
0.54,4.415000,3.57678076308
0.54,4.410000,0.513159702179
0.54,4.405000,0.873987536321
0.54,4.400000,4.06206307428
0.54,4.395000,0.690167780279
0.54,4.390000,4.88439782408
0.54,4.385000,6.68526583588
0.54,4.380000,2.70422773778
0.54,4.375000,5.74418750208
0.54,4.370000,0.771963563879
0.54,4.365000,3.18014535848
0.54,4.360000,6.45261849998
0.54,4.355000,1.40311201942
0.54,4.350000,5.21516216488
0.54,4.345000,7.14753568858
0.54,4.340000,3.71760146478
0.54,4.335000,6.13731539888
0.54,4.330000,4.03745076918
0.54,4.325000,5.80862412748
0.54,4.320000,4.15678994518
0.54,4.315000,5.70375097288
0.54,4.310000,4.95701108218
0.54,4.305000,2.37738405052
0.55,4.945000,10.9084091141
0.55,4.940000,12.6226913416
0.55,4.935000,14.2067238419
0.55,4.930000,8.69809153388
0.55,4.925000,13.1684739355
0.55,4.920000,12.0604439039
0.55,4.915000,9.44784015918
0.55,4.910000,13.1734415091
0.55,4.905000,15.9855890837
0.55,4.900000,9.91582691738
0.55,4.895000,13.3227201725
0.55,4.890000,16.8780658139
0.55,4.885000,13.4752106879
0.55,4.880000,19.3344194845
0.55,4.875000,17.7566590831
0.55,4.870000,19.470925351
0.55,4.865000,18.3764949561
0.55,4.860000,24.3246975213
0.55,4.855000,22.7777517681
0.55,4.850000,23.5566022984
0.55,4.845000,24.3339310216
0.55,4.840000,32.7272253688
0.55,4.835000,38.5136867818
0.55,4.830000,44.9799008088
0.55,4.825000,51.3617418998
0.55,4.820000,49.9086624398
0.55,4.815000,48.8655446968
0.55,4.810000,60.2040898978
0.55,4.805000,75.7829926138
0.55,4.800000,79.8685663468
0.55,4.800000,7.43211491622
0.55,4.795000,13.1879074081
0.55,4.790000,42.0702047406
0.55,4.785000,60.3638385086
0.55,4.780000,52.8349813556
0.55,4.780000,43.3397561013
0.55,4.775000,39.0709388333
0.55,4.770000,4.13188357474
0.55,4.765000,6.92857468924
0.55,4.760000,11.6379984377
0.55,4.755000,8.57738174354
0.55,4.750000,9.50397940014
0.55,4.745000,11.7411489126
0.55,4.740000,12.6176879564
0.55,4.735000,8.55569733114
0.55,4.730000,9.76295639834
0.55,4.725000,3.29710725164
0.55,4.720000,6.76411958144
0.55,4.715000,8.69636495514
0.55,4.710000,8.14550507444
0.55,4.655000,2.81552622808
0.55,4.650000,3.44192242778
0.55,4.645000,3.46731981618
0.55,4.640000,16.2456656472
0.55,4.635000,76.4634789538
0.55,4.630000,10.8550051441
0.55,4.625000,23.6206039387
0.55,4.620000,16.9097026651
0.55,4.615000,4.93155201322
0.55,4.610000,8.73399828922
0.55,4.605000,8.09775533032
0.55,4.600000,13.3175469584
0.55,4.595000,63.0319519518
0.55,4.590000,38.0554209258
0.55,4.585000,7.03525146952
0.55,4.580000,7.80406739878
0.55,4.575000,1.96967924468
0.55,4.570000,6.19271233718
0.55,4.565000,4.01241224068
0.55,4.560000,5.14827880458
0.55,4.555000,3.42345407358
0.55,4.550000,2.25859273658
0.55,4.545000,5.39330937018
0.55,4.540000,4.26040350308
0.55,4.535000,5.06690264978
0.55,4.530000,2.60123551492
0.55,4.525000,1.54412666522
0.55,4.520000,3.16408539838
0.55,4.515000,1.08220113948
0.55,4.510000,4.70926080288
0.55,4.505000,3.47807862988
0.55,4.500000,9.10943055098
0.55,4.495000,4.45976741488
0.55,4.490000,2.83832969458
0.55,4.485000,4.35973161128
0.55,4.480000,4.56594864168
0.55,4.475000,0.541691769479
0.55,4.470000,0.445338453279
0.55,4.465000,2.26649541188
0.55,4.460000,4.94257646508
0.55,4.455000,7.88951242798
0.55,4.450000,4.23361998118
0.55,4.445000,4.39616657038
0.55,4.440000,0.0465798258786
0.55,4.435000,3.27289220468
0.55,4.430000,3.61650035038
0.55,4.425000,3.07213978208
0.55,4.420000,5.63414764498
0.55,4.415000,4.91297890618
0.55,4.410000,2.18713232198
0.55,4.405000,2.17498697848
0.55,4.400000,3.76962881628
0.55,4.395000,5.86361936338
0.55,4.390000,0.990713699421
0.55,4.385000,3.77107884198
0.55,4.380000,1.70105128898
0.55,4.375000,8.09055895708
0.55,4.370000,0.369874000279
0.55,4.365000,2.62907457928
0.55,4.360000,3.45375301338
0.55,4.355000,1.76834415638
0.55,4.350000,3.70108945728
0.55,4.345000,6.35998280248
0.55,4.340000,4.90674549648
0.55,4.335000,4.91981731438
0.55,4.330000,0.967109035779
0.55,4.325000,2.94204568148
0.55,4.320000,6.04042713648
0.55,4.315000,2.79611877508
0.55,4.310000,2.71074109788
0.55,4.305000,5.14504450998
0.56,4.945000,10.3738973819
0.56,4.940000,14.0503576977
0.56,4.935000,8.35205980388
0.56,4.930000,8.18535023328
0.56,4.925000,14.5958417835
0.56,4.920000,12.9878575538
0.56,4.915000,11.6365964395
0.56,4.910000,11.3604063185
0.56,4.905000,9.36429681848
0.56,4.900000,12.3627866042
0.56,4.895000,18.6619772197
0.56,4.890000,9.07040439558
0.56,4.885000,9.54353913088
0.56,4.880000,12.9813541082
0.56,4.875000,13.4633711754
0.56,4.870000,16.8987471706
0.56,4.865000,16.9228010187
0.56,4.860000,14.5061385352
0.56,4.855000,20.7835098172
0.56,4.850000,21.8411535451
0.56,4.845000,24.5579145786
0.56,4.840000,32.8150476988
0.56,4.835000,37.5876599848
0.56,4.830000,34.8109278978
0.56,4.825000,34.4253739238
0.56,4.820000,50.2427682468
0.56,4.815000,46.7354801228
0.56,4.810000,51.6357954428
0.56,4.805000,67.5251862508
0.56,4.800000,62.9045330738
0.56,4.800000,2.44230503282
0.56,4.795000,6.79426785332
0.56,4.790000,9.03118925172
0.56,4.785000,13.7410304314
0.56,4.780000,21.0689862316
0.56,4.780000,1.90716771994
0.56,4.775000,4.07462480834
0.56,4.770000,1.84370585436
0.56,4.765000,15.6075361995
0.56,4.760000,36.6982676013
0.56,4.755000,31.4851008983
0.56,4.750000,3.23759640744
0.56,4.745000,2.48407166904
0.56,4.740000,10.306459705
0.56,4.735000,8.83154561614
0.56,4.730000,5.00435631834
0.56,4.725000,8.63832495324
0.56,4.720000,4.71361346264
0.56,4.715000,11.870849372
0.56,4.710000,2.55063827596
0.56,4.655000,1.21637695118
0.56,4.650000,1.77243152158
0.56,4.645000,0.989384373021
0.56,4.640000,15.1568324867
0.56,4.635000,78.9740769138
0.56,4.630000,5.60827650242
0.56,4.625000,28.8745779208
0.56,4.620000,9.14957113432
0.56,4.615000,7.04822291912
0.56,4.610000,8.19409693072
0.56,4.605000,11.1082292174
0.56,4.600000,17.5254964665
0.56,4.595000,20.6244770343
0.56,4.590000,30.6310022758
0.56,4.585000,48.4887881028
0.56,4.580000,26.0862065168
0.56,4.575000,9.61334383822
0.56,4.570000,0.268730613479
0.56,4.565000,2.81484438248
0.56,4.560000,3.26403302758
0.56,4.555000,3.95525606318
0.56,4.550000,3.31946935012
0.56,4.545000,1.39250407158
0.56,4.540000,4.19425898498
0.56,4.535000,7.13227134648
0.56,4.530000,0.133328882721
0.56,4.525000,0.806900666021
0.56,4.520000,0.288067541321
0.56,4.515000,1.67286959248
0.56,4.510000,0.421533012179
0.56,4.505000,0.732678083179
0.56,4.500000,6.22656038758
0.56,4.495000,3.83877697158
0.56,4.490000,6.70025820978
0.56,4.485000,3.54428202828
0.56,4.480000,8.70764285248
0.56,4.475000,3.41431539318
0.56,4.470000,3.10559711342
0.56,4.465000,0.133799660679
0.56,4.460000,6.39904139868
0.56,4.455000,3.87406624618
0.56,4.450000,5.05284758158
0.56,4.445000,2.46195574778
0.56,4.440000,0.118899933179
0.56,4.435000,3.89545227138
0.56,4.430000,4.71478666248
0.56,4.425000,4.66768249888
0.56,4.420000,4.65259483828
0.56,4.415000,5.29503489668
0.56,4.410000,1.92257085468
0.56,4.405000,1.54301287268
0.56,4.400000,0.719382925021
0.56,4.395000,0.312196778579
0.56,4.390000,1.10634753462
0.56,4.385000,0.387059490221
0.56,4.380000,4.77770887938
0.56,4.375000,0.668339823679
0.56,4.370000,1.48736097468
0.56,4.365000,1.73266321732
0.56,4.360000,1.67000944712
0.56,4.355000,1.03533310028
0.56,4.350000,7.43722400578
0.56,4.345000,3.40468683218
0.56,4.340000,3.91369385778
0.56,4.335000,5.29798315018
0.56,4.330000,0.235125170879
0.56,4.325000,3.16197266308
0.56,4.320000,5.60459447168
0.56,4.315000,0.637551473179
0.56,4.310000,3.94446405868
0.56,4.305000,2.39595153758
0.57,4.945000,11.4361859799
0.57,4.940000,9.48963120808
0.57,4.935000,10.2573147274
0.57,4.930000,10.5053439746
0.57,4.925000,12.713511631
0.57,4.920000,12.680686335
0.57,4.915000,10.6799935734
0.57,4.910000,12.3101558705
0.57,4.905000,5.56729278798
0.57,4.900000,8.80394086118
0.57,4.895000,11.5769376349
0.57,4.890000,9.21625441578
0.57,4.885000,11.2524093179
0.57,4.880000,9.73238669678
0.57,4.875000,9.82110833468
0.57,4.870000,17.1242125359
0.57,4.865000,18.7456166753
0.57,4.860000,16.3135862448
0.57,4.855000,14.8404807076
0.57,4.850000,22.3232556446
0.57,4.845000,21.5616466168
0.57,4.840000,30.2833131598
0.57,4.835000,35.2628292608
0.57,4.830000,27.1228251431
0.57,4.825000,33.3710857428
0.57,4.820000,41.7999898938
0.57,4.815000,42.0545964428
0.57,4.810000,50.8905144848
0.57,4.805000,51.8791178478
0.57,4.800000,48.8351014008
0.57,4.800000,5.04476904158
0.57,4.795000,4.57493994958
0.57,4.790000,1.20493767318
0.57,4.785000,1.91672479802
0.57,4.780000,11.0169076273
0.57,4.780000,6.00417742574
0.57,4.775000,6.08558298574
0.57,4.770000,7.17372589994
0.57,4.765000,5.67989448264
0.57,4.760000,2.41713818874
0.57,4.755000,0.06609032536
0.57,4.750000,13.2036577155
0.57,4.745000,46.4107108753
0.57,4.740000,32.6131085803
0.57,4.735000,14.3240333362
0.57,4.730000,3.52920677124
0.57,4.725000,8.57528161744
0.57,4.720000,10.1429652508
0.57,4.715000,9.10555339694
0.57,4.710000,8.35317536824
0.57,4.710000,9.11072917193
0.57,4.705000,9.75642657203
0.57,4.700000,10.3164479314
0.57,4.695000,7.27829863483
0.57,4.690000,8.65042685173
0.57,4.685000,11.0093171532
0.57,4.680000,6.08951968143
0.57,4.675000,7.56324210633
0.57,4.670000,4.05458706513
0.57,4.665000,10.0748123646
0.57,4.660000,10.4273963438
0.57,4.655000,7.89284932593
0.57,4.655000,4.22093434238
0.57,4.650000,2.68800113462
0.57,4.645000,3.00962914468
0.57,4.640000,20.3572475217
0.57,4.635000,87.5664221698
0.57,4.630000,12.2111317183
0.57,4.625000,23.5064778279
0.57,4.620000,9.07306001542
0.57,4.615000,5.61100058782
0.57,4.610000,8.78743497512
0.57,4.605000,4.57216399042
0.57,4.600000,8.92846199302
0.57,4.595000,8.09177289302
0.57,4.590000,6.70763956372
0.57,4.585000,5.55956371622
0.57,4.580000,20.1320428671
0.57,4.575000,41.4267486778
0.57,4.570000,75.0286252568
0.57,4.565000,11.886111924
0.57,4.560000,2.60494000892
0.57,4.555000,2.34762991158
0.57,4.550000,1.22755379802
0.57,4.545000,0.892632134079
0.57,4.540000,0.312408754921
0.57,4.535000,3.63242203878
0.57,4.530000,4.46682017408
0.57,4.525000,2.68270006568
0.57,4.520000,3.24445617298
0.57,4.515000,2.23200432012
0.57,4.510000,3.04393526678
0.57,4.505000,0.216907035379
0.57,4.500000,6.36200409358
0.57,4.495000,5.23689291578
0.57,4.490000,3.71267477968
0.57,4.485000,1.61566962428
0.57,4.480000,5.94628238108
0.57,4.475000,2.00988887998
0.57,4.470000,0.250552443779
0.57,4.465000,2.09089863978
0.57,4.460000,2.52326038258
0.57,4.455000,2.26083655798
0.57,4.450000,4.47884778058
0.57,4.445000,4.10809218738
0.57,4.440000,3.88579780958
0.57,4.435000,1.62218211588
0.57,4.430000,0.753755713821
0.57,4.425000,6.23630729668
0.57,4.420000,2.40124243198
0.57,4.415000,2.22330949928
0.57,4.410000,2.34607590288
0.57,4.405000,1.59324730308
0.57,4.400000,3.24419458812
0.57,4.395000,2.17000033658
0.57,4.390000,0.371436816621
0.57,4.385000,2.34399261988
0.57,4.380000,6.18147080258
0.57,4.375000,0.636101634779
0.57,4.370000,4.37234093618
0.57,4.365000,0.891186547421
0.57,4.360000,2.99171303608
0.57,4.355000,1.74983412322
0.57,4.350000,3.05499162448
0.57,4.345000,5.06608840118
0.57,4.340000,2.40390673568
0.57,4.335000,2.74605582578
0.57,4.330000,1.49778181548
0.57,4.325000,4.15764959578
0.57,4.320000,3.27742412328
0.57,4.315000,5.56242764368
0.57,4.310000,6.01405328658
0.57,4.305000,4.02309353588
0.58,4.945000,6.21453871068
0.58,4.940000,6.22767080828
0.58,4.935000,14.2953496244
0.58,4.930000,5.63374444818
0.58,4.925000,11.1734547681
0.58,4.920000,9.00040457768
0.58,4.915000,9.07946026228
0.58,4.910000,13.7352981999
0.58,4.905000,8.36334030008
0.58,4.900000,9.02091305378
0.58,4.895000,7.34590587908
0.58,4.890000,9.35019664538
0.58,4.885000,3.68301285578
0.58,4.880000,13.7641624451
0.58,4.875000,13.0299285326
0.58,4.870000,9.01507202928
0.58,4.865000,9.58423918538
0.58,4.860000,11.8235848421
0.58,4.855000,13.8019865227
0.58,4.850000,19.9004711875
0.58,4.845000,20.3076764856
0.58,4.840000,21.6914650961
0.58,4.835000,22.7899899456
0.58,4.830000,32.6585961258
0.58,4.825000,29.6505346958
0.58,4.820000,31.9088177558
0.58,4.815000,34.8210906918
0.58,4.810000,44.0493406688
0.58,4.805000,50.7270208368
0.58,4.800000,51.4761869878
0.58,4.800000,3.14561059648
0.58,4.795000,5.12321981218
0.58,4.790000,0.954273376378
0.58,4.785000,1.10002120738
0.58,4.780000,6.06725119942
0.58,4.780000,6.08335155364
0.58,4.775000,6.34067471474
0.58,4.770000,9.40790213824
0.58,4.765000,5.11932325984
0.58,4.760000,3.91113115904
0.58,4.755000,4.96953102324
0.58,4.750000,2.11046525914
0.58,4.745000,1.85906121196
0.58,4.740000,6.61808757316
0.58,4.735000,15.3498349046
0.58,4.730000,51.6611262093
0.58,4.725000,73.3982716143
0.58,4.720000,15.8103535612
0.58,4.715000,2.76087353814
0.58,4.710000,3.54194756294
0.58,4.710000,5.69957631873
0.58,4.705000,5.58695073103
0.58,4.700000,8.65047980463
0.58,4.695000,3.02824224773
0.58,4.690000,9.27441852053
0.58,4.685000,10.8718695622
0.58,4.680000,4.19146209553
0.58,4.675000,4.32454848813
0.58,4.670000,7.60705206913
0.58,4.665000,12.1196188597
0.58,4.660000,11.2684870404
0.58,4.655000,9.82409172943
0.58,4.655000,1.00825647772
0.58,4.650000,1.41431170552
0.58,4.645000,0.835551523821
0.58,4.640000,19.3753387399
0.58,4.635000,86.0859805888
0.58,4.630000,9.34891492072
0.58,4.625000,26.0377467638
0.58,4.620000,4.83064536582
0.58,4.615000,4.55312431942
0.58,4.610000,10.7027061774
0.58,4.605000,3.36105000922
0.58,4.600000,2.91769518522
0.58,4.595000,5.96653543362
0.58,4.590000,5.81307305552
0.58,4.585000,7.38751071672
0.58,4.580000,5.87997116652
0.58,4.575000,10.2059380722
0.58,4.570000,18.1922705658
0.58,4.565000,30.9786129018
0.58,4.560000,29.2696381018
0.58,4.555000,42.6181976148
0.58,4.550000,15.0637663101
0.58,4.545000,2.93745564002
0.58,4.540000,2.83206897852
0.58,4.535000,2.12339448078
0.58,4.530000,14.8203009194
0.58,4.525000,2.92951041628
0.58,4.520000,0.776834031179
0.58,4.515000,2.10164599608
0.58,4.510000,2.37503159278
0.58,4.505000,2.37914121888
0.58,4.500000,0.410660736321
0.58,4.495000,4.06341875548
0.58,4.490000,0.674872217121
0.58,4.485000,3.54403010008
0.58,4.480000,5.46810714918
0.58,4.475000,3.84400705538
0.58,4.470000,2.55365314698
0.58,4.465000,1.63730109338
0.58,4.460000,3.56693495518
0.58,4.455000,2.31693937978
0.58,4.450000,5.38120407578
0.58,4.445000,3.36871941408
0.58,4.440000,2.66100547438
0.58,4.435000,4.95844151988
0.58,4.430000,1.74164134688
0.58,4.425000,1.20600520978
0.58,4.420000,5.20421484928
0.58,4.415000,2.99334389188
0.58,4.410000,0.618555462179
0.58,4.405000,1.61861406758
0.58,4.400000,0.872051405921
0.58,4.395000,0.999447826179
0.58,4.390000,2.96372697668
0.58,4.385000,2.12292472538
0.58,4.380000,1.79382300268
0.58,4.375000,0.462040154479
0.58,4.370000,1.91127962588
0.58,4.365000,3.70531950598
0.58,4.360000,2.01586159098
0.58,4.355000,1.67625626752
0.58,4.350000,4.74344711028
0.58,4.345000,1.36815600708
0.58,4.340000,1.00650256562
0.58,4.335000,7.71363564728
0.58,4.330000,6.10288968378
0.58,4.325000,2.47182994738
0.58,4.320000,2.64785094988
0.58,4.315000,0.620741421179
0.58,4.310000,5.58122954848
0.58,4.305000,2.23117325098
0.59,4.945000,10.3682590471
0.59,4.940000,5.76557256218
0.59,4.935000,5.89347196358
0.59,4.930000,7.44454834958
0.59,4.925000,14.5264107896
0.59,4.920000,9.42430634188
0.59,4.915000,4.99428903958
0.59,4.910000,10.5089818384
0.59,4.905000,5.42634006688
0.59,4.900000,12.1993293129
0.59,4.895000,9.52589772078
0.59,4.890000,9.26317177608
0.59,4.885000,5.53572348888
0.59,4.880000,7.73977979578
0.59,4.875000,7.00046924298
0.59,4.870000,13.5098885981
0.59,4.865000,12.6763302633
0.59,4.860000,12.8954901793
0.59,4.855000,13.2756824768
0.59,4.850000,17.1263733918
0.59,4.845000,17.465181711
0.59,4.840000,15.5641241536
0.59,4.835000,17.1818686561
0.59,4.830000,18.3261748805
0.59,4.825000,22.3318842452
0.59,4.820000,26.5166035572
0.59,4.815000,27.9723802108
0.59,4.810000,33.5692427228
0.59,4.805000,36.5895303058
0.59,4.800000,53.7425307108
0.59,4.800000,4.79608111768
0.59,4.795000,4.10517381098
0.59,4.790000,3.16553948928
0.59,4.785000,0.283461815322
0.59,4.780000,4.29368614982
0.59,4.780000,3.69292115684
0.59,4.775000,8.03040956234
0.59,4.770000,6.31707088724
0.59,4.765000,4.87723967114
0.59,4.760000,4.92456483654
0.59,4.755000,3.98272803784
0.59,4.750000,3.91035444464
0.59,4.745000,2.70573275424
0.59,4.740000,1.88168069684
0.59,4.735000,1.87749076426
0.59,4.730000,1.68748975896
0.59,4.725000,6.76873991496
0.59,4.720000,12.6006967646
0.59,4.715000,57.1423108893
0.59,4.710000,25.9107634053
0.59,4.710000,85.3746205692
0.59,4.705000,10.2168128978
0.59,4.700000,8.77337134363
0.59,4.695000,4.29579182893
0.59,4.690000,5.36913382423
0.59,4.685000,10.3329649769
0.59,4.680000,9.69532519143
0.59,4.675000,7.03665326903
0.59,4.670000,6.41363494393
0.59,4.665000,9.26099428213
0.59,4.660000,7.50098363723
0.59,4.655000,7.40385551263
0.59,4.655000,0.954304026879
0.59,4.650000,3.79256648548
0.59,4.645000,1.52889104902
0.59,4.640000,16.03983285
0.59,4.635000,78.0435763598
0.59,4.630000,8.00834438792
0.59,4.625000,15.318402437
0.59,4.620000,5.13976009012
0.59,4.615000,8.26046204702
0.59,4.610000,6.70473742272
0.59,4.605000,0.853330381279
0.59,4.600000,0.0185870276786
0.59,4.595000,4.29203002452
0.59,4.590000,3.34762158502
0.59,4.585000,5.60813400772
0.59,4.580000,2.02392238432
0.59,4.575000,2.98515745962
0.59,4.570000,2.80035419842
0.59,4.565000,9.99924114592
0.59,4.560000,8.39289366182
0.59,4.555000,11.0699885415
0.59,4.550000,15.9672145685
0.59,4.545000,35.9942922838
0.59,4.540000,58.2605931878
0.59,4.535000,44.6219700988
0.59,4.530000,5.85277483792
0.59,4.525000,20.2581110715
0.59,4.520000,4.47049060462
0.59,4.515000,9.06950217142
0.59,4.510000,2.25525915108
0.59,4.505000,0.786376386421
0.59,4.500000,1.60804215708
0.59,4.495000,2.89432013748
0.59,4.490000,1.22139588382
0.59,4.485000,6.24161682328
0.59,4.480000,5.22563030858
0.59,4.475000,5.76330998948
0.59,4.470000,5.35188880958
0.59,4.465000,0.765352215179
0.59,4.460000,2.01271392658
0.59,4.455000,0.816358740679
0.59,4.450000,4.09070197998
0.59,4.445000,3.12018871128
0.59,4.440000,1.24884526458
0.59,4.435000,4.31127945078
0.59,4.430000,0.908064928179
0.59,4.425000,3.59578209208
0.59,4.420000,2.79067005358
0.59,4.415000,5.12614332278
0.59,4.410000,0.843290113079
0.59,4.405000,3.03835792618
0.59,4.400000,2.91111699928
0.59,4.395000,3.38434897152
0.59,4.390000,1.46710516128
0.59,4.385000,3.16102269298
0.59,4.380000,3.06663390062
0.59,4.375000,0.901287095779
0.59,4.370000,1.93659748108
0.59,4.365000,0.559187920621
0.59,4.360000,0.148265469621
0.59,4.355000,1.38751078012
0.59,4.350000,6.45699428598
0.59,4.345000,6.27800735898
0.59,4.340000,3.68146572668
0.59,4.335000,1.50571007258
0.59,4.330000,6.33165780888
0.59,4.325000,0.993034604779
0.59,4.320000,6.84175861978
0.59,4.315000,2.90995734668
0.59,4.310000,6.44277870488
0.59,4.305000,8.31750197318
0.60,4.945000,6.89482383548
0.60,4.940000,5.90517978908
0.60,4.935000,5.36473312538
0.60,4.930000,7.65616764738
0.60,4.925000,5.49897633788
0.60,4.920000,10.4928446023
0.60,4.915000,7.62279602498
0.60,4.910000,12.7925815902
0.60,4.905000,1.15127174982
0.60,4.900000,10.2073733909
0.60,4.895000,8.84033536628
0.60,4.890000,4.60246753628
0.60,4.885000,2.61093397348
0.60,4.880000,8.17041526948
0.60,4.875000,9.27834878868
0.60,4.870000,7.52323146358
0.60,4.865000,13.5975852428
0.60,4.860000,12.7497566178
0.60,4.855000,11.3504981472
0.60,4.850000,10.4204990083
0.60,4.845000,16.577618925
0.60,4.840000,14.6063506629
0.60,4.835000,18.4204482371
0.60,4.830000,20.5299153178
0.60,4.825000,23.2773165244
0.60,4.820000,29.1068615128
0.60,4.815000,38.3122654778
0.60,4.810000,40.7941497608
0.60,4.805000,41.3846141218
0.60,4.800000,39.9496422578
0.60,4.800000,4.88904088838
0.60,4.795000,7.52141074058
0.60,4.790000,1.64951258078
0.60,4.785000,4.42577387378
0.60,4.780000,4.92026441368
0.60,4.780000,7.12603683424
0.60,4.775000,11.9088930438
0.60,4.770000,10.6514813844
0.60,4.765000,5.58231577494
0.60,4.760000,6.53970797874
0.60,4.755000,3.99095050514
0.60,4.750000,7.39351520014
0.60,4.745000,4.77178370194
0.60,4.740000,1.70446079574
0.60,4.735000,2.49668898966
0.60,4.730000,9.56495301436
0.60,4.725000,9.89487358256
0.60,4.720000,7.61361127106
0.60,4.715000,17.6627611883
0.60,4.710000,24.8179549023
0.60,4.710000,2.54496858663
0.60,4.705000,11.3911138011
0.60,4.700000,33.5767604592
0.60,4.695000,11.0083978479
0.60,4.690000,4.96063005513
0.60,4.685000,8.20783034283
0.60,4.680000,4.53394692363
0.60,4.675000,7.38932833443
0.60,4.670000,0.317072322233
0.60,4.665000,7.76691668253
0.60,4.660000,11.5379398197
0.60,4.655000,7.67344523203
0.60,4.655000,0.0306295199214
0.60,4.650000,3.62535635538
0.60,4.645000,2.59700799258
0.60,4.640000,15.5776970596
0.60,4.635000,72.9732490758
0.60,4.630000,14.6399944447
0.60,4.625000,20.2692786412
0.60,4.620000,4.04223814712
0.60,4.615000,6.94951359942
0.60,4.610000,9.57542163472
0.60,4.605000,2.12305482752
0.60,4.600000,1.61353558602
0.60,4.595000,6.35977203042
0.60,4.590000,5.39116235462
0.60,4.585000,1.81101077232
0.60,4.580000,2.38707605942
0.60,4.575000,0.454892157721
0.60,4.570000,2.71650113472
0.60,4.565000,5.89039621722
0.60,4.560000,2.68534160652
0.60,4.555000,12.2663013876
0.60,4.550000,6.44804336282
0.60,4.545000,5.50088222252
0.60,4.540000,6.16905793412
0.60,4.535000,8.22706260602
0.60,4.530000,15.4040749066
0.60,4.525000,19.6648030932
0.60,4.520000,93.9300465218
0.60,4.515000,54.6699949588
0.60,4.510000,16.0977731725
0.60,4.505000,3.72231307848
0.60,4.500000,2.28246139382
0.60,4.495000,2.33129198682
0.60,4.490000,6.85763564382
0.60,4.485000,4.62580072402
0.60,4.480000,0.997891536379
0.60,4.475000,1.45729462138
0.60,4.470000,0.592356120221
0.60,4.465000,0.839768425321
0.60,4.460000,3.83608827948
0.60,4.455000,2.60794923608
0.60,4.450000,5.27808336348
0.60,4.445000,2.49347683618
0.60,4.440000,5.81702978538
0.60,4.435000,2.16126008908
0.60,4.430000,0.0914278389214
0.60,4.425000,3.45326266788
0.60,4.420000,1.39074640348
0.60,4.415000,5.56978406078
0.60,4.410000,2.97395451558
0.60,4.405000,3.74042954168
0.60,4.400000,2.54721854138
0.60,4.395000,1.87663183522
0.60,4.390000,2.63873398428
0.60,4.385000,5.45486668118
0.60,4.380000,2.73558362222
0.60,4.375000,0.979046875779
0.60,4.370000,1.61407228508
0.60,4.365000,0.134000864021
0.60,4.360000,3.11413300818
0.60,4.355000,2.67233013278
0.60,4.350000,4.08024398478
0.60,4.345000,4.00342981598
0.60,4.340000,4.81841527238
0.60,4.335000,4.79850708168
0.60,4.330000,4.61532523538
0.60,4.325000,4.51451001358
0.60,4.320000,7.94551719868
0.60,4.315000,1.15423361422
0.60,4.310000,6.25343192188
0.60,4.305000,3.34315518368
0.61,4.780000,9.96188538794
0.61,4.775000,11.2614016573
0.61,4.770000,7.59320773924
0.61,4.765000,8.66833759824
0.61,4.760000,9.11034196754
0.61,4.755000,3.77756937564
0.61,4.750000,2.56739309984
0.61,4.745000,7.37832385924
0.61,4.740000,5.92404989794
0.61,4.735000,4.80430132864
0.61,4.730000,1.55808515594
0.61,4.725000,2.00427245736
0.61,4.720000,8.13822322366
0.61,4.715000,11.105352704
0.61,4.710000,12.7908965014
0.61,4.710000,3.63388032273
0.61,4.705000,1.03689537957
0.61,4.700000,0.814253893433
0.61,4.695000,10.0264067251
0.61,4.690000,62.9602518152
0.61,4.685000,2.95117152143
0.61,4.680000,9.43183590563
0.61,4.675000,7.05480328703
0.61,4.670000,7.79478234903
0.61,4.665000,6.23914185233
0.61,4.660000,7.86599408963
0.61,4.655000,6.57079704253
0.61,4.655000,0.446314401679
0.61,4.650000,2.64871499282
0.61,4.645000,4.57434863918
0.61,4.640000,17.8713884806
0.61,4.635000,79.9966915728
0.61,4.630000,14.8872142669
0.61,4.625000,20.0403178048
0.61,4.620000,8.18185478732
0.61,4.615000,5.46723451402
0.61,4.610000,6.16505386822
0.61,4.605000,0.0580204223786
0.61,4.600000,3.02018362952
0.61,4.595000,5.88570604822
0.61,4.590000,2.37809228412
0.61,4.585000,0.313318677621
0.61,4.580000,2.60240070438
0.61,4.575000,0.0646362598214
0.61,4.570000,5.35566793922
0.61,4.565000,3.72692354902
0.61,4.560000,1.49042917992
0.61,4.555000,9.56929175292
0.61,4.550000,4.99005765382
0.61,4.545000,3.73758790872
0.61,4.540000,1.98716248172
0.61,4.535000,5.47740670992
0.61,4.530000,6.88770524232
0.61,4.525000,10.2067183244
0.61,4.520000,5.28934683502
0.61,4.515000,14.1534658241
0.61,4.510000,6.69786526612
0.61,4.505000,14.8447514562
0.61,4.500000,23.5507026796
0.61,4.495000,52.3397609818
0.61,4.490000,87.0896677448
0.61,4.485000,8.88410407312
0.61,4.480000,2.85911155308
0.61,4.475000,1.56781448518
0.61,4.470000,0.482954650179
0.61,4.465000,1.38781746238
0.61,4.460000,0.996903772421
0.61,4.455000,1.99622163402
0.61,4.450000,5.23347880752
0.61,4.445000,5.95221937398
0.61,4.440000,1.94410343988
0.61,4.435000,2.66762495808
0.61,4.430000,6.09742353938
0.61,4.425000,6.05575971668
0.61,4.420000,1.21922328632
0.61,4.415000,1.42658033568
0.61,4.410000,2.52434017368
0.61,4.405000,0.0177598246786
0.61,4.400000,0.410447665379
0.61,4.395000,4.78418744738
0.61,4.390000,1.32807088838
0.61,4.385000,2.83447757928
0.61,4.380000,0.525923506679
0.61,4.375000,1.22947268168
0.61,4.370000,2.81882875988
0.61,4.365000,6.28752371738
0.61,4.360000,0.745879120979
0.61,4.355000,0.200217486321
0.61,4.350000,4.20221815828
0.61,4.345000,5.94800212178
0.61,4.340000,3.72507636048
0.61,4.335000,5.00200804578
0.61,4.330000,3.20733839158
0.61,4.325000,2.16431696618
0.61,4.320000,6.48267873878
0.61,4.315000,3.59451634658
0.61,4.310000,1.44393584328
0.61,4.305000,2.07046825898
0.62,4.780000,6.63821455574
0.62,4.775000,7.97639249204
0.62,4.770000,5.08766180834
0.62,4.765000,7.16994019734
0.62,4.760000,7.65461069924
0.62,4.755000,6.20210809884
0.62,4.750000,7.58941545984
0.62,4.745000,2.54562582094
0.62,4.740000,5.82473912264
0.62,4.735000,7.49640012144
0.62,4.730000,0.15058786576
0.62,4.725000,1.58219675456
0.62,4.720000,1.85131310776
0.62,4.715000,2.91510657604
0.62,4.710000,2.48660340074
0.62,4.710000,2.47162679833
0.62,4.705000,1.65199825763
0.62,4.700000,0.023527693533
0.62,4.695000,4.42414681957
0.62,4.690000,19.0334054715
0.62,4.685000,8.47528243257
0.62,4.680000,8.91612853147
0.62,4.675000,5.37471346643
0.62,4.670000,10.286933095
0.62,4.665000,10.1671974717
0.62,4.660000,10.4562118978
0.62,4.655000,9.29218892143
0.62,4.655000,2.05200356098
0.62,4.650000,0.957090313221
0.62,4.645000,0.240144179221
0.62,4.640000,21.172025769
0.62,4.635000,78.9289209438
0.62,4.630000,15.0058908262
0.62,4.625000,17.722386202
0.62,4.620000,4.07859434262
0.62,4.615000,7.23995483652
0.62,4.610000,4.25932428732
0.62,4.605000,1.62532112302
0.62,4.600000,2.29200268242
0.62,4.595000,7.91865217402
0.62,4.590000,1.05910574942
0.62,4.585000,0.668915948421
0.62,4.580000,0.408334031321
0.62,4.575000,2.67311983452
0.62,4.570000,0.549467651979
0.62,4.565000,2.05368760352
0.62,4.560000,2.54211399528
0.62,4.555000,0.379131462921
0.62,4.550000,0.639046298521
0.62,4.545000,3.44500078042
0.62,4.540000,3.19782976502
0.62,4.535000,1.65556640058
0.62,4.530000,3.33603952512
0.62,4.525000,0.626177629679
0.62,4.520000,1.97398681088
0.62,4.515000,3.99501489262
0.62,4.510000,1.19535513492
0.62,4.505000,3.47941144232
0.62,4.500000,2.27285097102
0.62,4.495000,4.57267019702
0.62,4.490000,6.41496813882
0.62,4.485000,4.91978892892
0.62,4.480000,3.88111774072
0.62,4.475000,5.51572635912
0.62,4.470000,23.6229589142
0.62,4.465000,88.3417405448
0.62,4.460000,40.4892335048
0.62,4.455000,3.45163123528
0.62,4.450000,5.06547455348
0.62,4.445000,0.640735104979
0.62,4.440000,0.978232865621
0.62,4.435000,2.72459309118
0.62,4.430000,3.14702526438
0.62,4.425000,4.79148185498
0.62,4.420000,5.72355310432
0.62,4.415000,1.83266743032
0.62,4.410000,2.12872129622
0.62,4.405000,3.09567608572
0.62,4.400000,2.01739718748
0.62,4.395000,2.34236531648
0.62,4.390000,1.22517990002
0.62,4.385000,5.49111212778
0.62,4.380000,1.62068508208
0.62,4.375000,0.937281434421
0.62,4.370000,4.98113968448
0.62,4.365000,6.00948262508
0.62,4.360000,1.23216899758
0.62,4.355000,0.884250252579
0.62,4.350000,3.20698492498
0.62,4.345000,1.35991407838
0.62,4.340000,5.03272793148
0.62,4.335000,5.83244641568
0.62,4.330000,4.14002727098
0.62,4.325000,2.04041595828
0.62,4.320000,3.68375732018
0.62,4.315000,2.45553957628
0.62,4.310000,4.87493092338
0.62,4.305000,3.53069548258
0.63,4.710000,6.69290189773
0.63,4.705000,8.19653743293
0.63,4.700000,4.78711551063
0.63,4.695000,0.275121410067
0.63,4.690000,6.04079694717
0.63,4.685000,8.33392746547
0.63,4.680000,14.031438711
0.63,4.675000,18.7348849734
0.63,4.670000,4.48028187493
0.63,4.665000,5.77088754563
0.63,4.660000,7.18993330413
0.63,4.655000,4.25625664603
0.63,4.655000,2.25688183252
0.63,4.650000,0.134643905479
0.63,4.645000,1.46230522788
0.63,4.640000,17.9844659961
0.63,4.635000,78.0225309348
0.63,4.630000,12.8467701681
0.63,4.625000,14.8195304463
0.63,4.620000,5.00826020272
0.63,4.615000,3.32808377712
0.63,4.610000,8.13952643072
0.63,4.605000,2.85217847878
0.63,4.600000,1.97958369182
0.63,4.595000,3.01383584952
0.63,4.590000,0.00658656887859
0.63,4.585000,3.55542919088
0.63,4.580000,3.99558753398
0.63,4.575000,1.84060860718
0.63,4.570000,0.326322826179
0.63,4.565000,0.0709453394786
0.63,4.560000,0.225377355779
0.63,4.555000,2.03380661692
0.63,4.550000,9.43007865852
0.63,4.545000,4.55678395212
0.63,4.540000,3.39533169512
0.63,4.535000,4.82395758838
0.63,4.530000,0.588076414721
0.63,4.525000,0.127250706979
0.63,4.520000,1.89394218008
0.63,4.515000,1.28137258892
0.63,4.510000,2.00539499112
0.63,4.505000,1.02263934928
0.63,4.500000,0.439325508679
0.63,4.495000,1.45467402592
0.63,4.490000,4.14042064942
0.63,4.485000,1.78769270938
0.63,4.480000,1.94779994618
0.63,4.475000,0.0113937217786
0.63,4.470000,0.367462581721
0.63,4.465000,0.227371763921
0.63,4.460000,2.90926006662
0.63,4.455000,1.21185632722
0.63,4.450000,0.918364197121
0.63,4.445000,11.5805079466
0.63,4.440000,27.6335114808
0.63,4.435000,92.4064740238
0.63,4.430000,24.5204209228
0.63,4.425000,5.98735707958
0.63,4.420000,1.85703563548
0.63,4.415000,6.02578890978
0.63,4.410000,0.442662100779
0.63,4.405000,3.49003627258
0.63,4.400000,1.51294615298
0.63,4.395000,5.98541169288
0.63,4.390000,2.90807861428
0.63,4.385000,0.447162073679
0.63,4.380000,0.536047407679
0.63,4.375000,3.92261601652
0.63,4.370000,1.35630036962
0.63,4.365000,0.725542565579
0.63,4.360000,4.36954964022
0.63,4.355000,0.600836200221
0.63,4.350000,1.47806473878
0.63,4.345000,2.06846314538
0.63,4.340000,7.09286832238
0.63,4.335000,7.96009862048
0.63,4.330000,2.16143273148
0.63,4.325000,1.74561205138
0.63,4.320000,3.72399292818
0.63,4.315000,2.00395199388
0.63,4.310000,4.51408351968
0.63,4.305000,3.25174919978
0.64,4.710000,3.55387568253
0.64,4.705000,5.95107473333
0.64,4.700000,2.68870557453
0.64,4.695000,5.28145274863
0.64,4.690000,2.15388801683
0.64,4.685000,0.536009930567
0.64,4.680000,0.216744161667
0.64,4.675000,61.2766676732
0.64,4.670000,12.8902483433
0.64,4.665000,6.80518300133
0.64,4.660000,5.89522734463
0.64,4.655000,9.57895104903
0.64,4.655000,0.254411893079
0.64,4.650000,4.50065059758
0.64,4.645000,1.78937802668
0.64,4.640000,18.2838729141
0.64,4.635000,78.9219401988
0.64,4.630000,16.2798193898
0.64,4.625000,14.2670386954
0.64,4.620000,1.42525689662
0.64,4.615000,2.22190701432
0.64,4.610000,1.43561153502
0.64,4.605000,0.463009199279
0.64,4.600000,4.80131021182
0.64,4.595000,6.27687396722
0.64,4.590000,1.38836772262
0.64,4.585000,1.91507513242
0.64,4.580000,1.54602924168
0.64,4.575000,1.31986923422
0.64,4.570000,3.36354344288
0.64,4.565000,1.05731695078
0.64,4.560000,2.89380037552
0.64,4.555000,1.73062203212
0.64,4.550000,0.209355222379
0.64,4.545000,1.30456540632
0.64,4.540000,0.764252621021
0.64,4.535000,3.16085820188
0.64,4.530000,0.963562651321
0.64,4.525000,1.92901241382
0.64,4.520000,0.388450398821
0.64,4.515000,0.251316167221
0.64,4.510000,0.937987878621
0.64,4.505000,4.01434710352
0.64,4.500000,0.990514530079
0.64,4.495000,0.762133559279
0.64,4.490000,0.377675031779
0.64,4.485000,1.83522943212
0.64,4.480000,0.597017463521
0.64,4.475000,2.35887889218
0.64,4.470000,1.40464508552
0.64,4.465000,1.86684686478
0.64,4.460000,3.48343022728
0.64,4.455000,0.901566254721
0.64,4.450000,0.114763404879
0.64,4.445000,3.20282085708
0.64,4.440000,2.96046080028
0.64,4.435000,4.35256798028
0.64,4.430000,0.356506272521
0.64,4.425000,2.57139923118
0.64,4.420000,3.79609352302
0.64,4.415000,2.15912971832
0.64,4.410000,23.8088169758
0.64,4.405000,84.2097711638
0.64,4.400000,31.5085625158
0.64,4.395000,1.46599564808
0.64,4.390000,4.34477915558
0.64,4.385000,2.44813156128
0.64,4.380000,3.78010898838
0.64,4.375000,3.80427013288
0.64,4.370000,2.33412759638
0.64,4.365000,6.26446788568
0.64,4.360000,1.15876078598
0.64,4.355000,2.11945613238
0.64,4.350000,6.36465514398
0.64,4.345000,0.231724831079
0.64,4.340000,6.02712316898
0.64,4.335000,4.83341493758
0.64,4.330000,0.350070620821
0.64,4.325000,4.63720858602
0.64,4.320000,1.85278976212
0.64,4.315000,5.22981999832
0.64,4.310000,0.947632904121
0.64,4.305000,0.747882116179
0.65,4.710000,5.87382540973
0.65,4.705000,4.24070672633
0.65,4.700000,5.86332549503
0.65,4.695000,3.63956171643
0.65,4.690000,8.58113673183
0.65,4.685000,4.35777940553
0.65,4.680000,2.78453507087
0.65,4.675000,2.98026107187
0.65,4.670000,32.6790647192
0.65,4.665000,1.00272847637
0.65,4.660000,9.06643924893
0.65,4.655000,9.52618932213
0.65,4.655000,1.54614436432
0.65,4.650000,0.138077626879
0.65,4.645000,0.366701235921
0.65,4.640000,20.0803446551
0.65,4.635000,77.8531638808
0.65,4.630000,15.3564457285
0.65,4.625000,14.0453401751
0.65,4.620000,3.49347761842
0.65,4.615000,1.27649488522
0.65,4.610000,0.0537880006786
0.65,4.605000,1.15150507128
0.65,4.600000,1.21260942352
0.65,4.595000,0.228397300621
0.65,4.590000,0.622744361421
0.65,4.585000,2.49352291312
0.65,4.580000,4.19053224458
0.65,4.575000,1.31675206322
0.65,4.570000,1.13251647238
0.65,4.565000,0.422851562721
0.65,4.560000,3.91902342468
0.65,4.555000,1.07310741262
0.65,4.550000,0.104994476179
0.65,4.545000,1.53787274938
0.65,4.540000,2.06939703282
0.65,4.535000,0.207683866979
0.65,4.530000,1.41073123408
0.65,4.525000,2.15498604482
0.65,4.520000,4.88370610212
0.65,4.515000,1.58646782238
0.65,4.510000,1.25291616732
0.65,4.505000,0.902024453321
0.65,4.500000,0.0619568343214
0.65,4.495000,0.175634402379
0.65,4.490000,1.02723236338
0.65,4.485000,0.740431831979
0.65,4.480000,0.439569672621
0.65,4.475000,0.192750634279
0.65,4.470000,0.598322339979
0.65,4.465000,0.300252426421
0.65,4.460000,1.22106591252
0.65,4.455000,1.45862165818
0.65,4.450000,2.28624494468
0.65,4.445000,3.84436131708
0.65,4.440000,1.37477752628
0.65,4.435000,3.56669300418
0.65,4.430000,1.27391771998
0.65,4.425000,2.66378421488
0.65,4.420000,0.113023994379
0.65,4.415000,1.05445021638
0.65,4.410000,0.304610367221
0.65,4.405000,1.29911371028
0.65,4.400000,2.29868584232
0.65,4.395000,2.11574299178
0.65,4.390000,0.301962832521
0.65,4.385000,5.71695222262
0.65,4.380000,19.2481000478
0.65,4.375000,86.6231222048
0.65,4.370000,64.7974149348
0.65,4.365000,2.60085166208
0.65,4.360000,1.89891762428
0.65,4.355000,5.97517401658
0.65,4.350000,3.39949454788
0.65,4.345000,7.36991819618
0.65,4.340000,4.26145950738
0.65,4.335000,4.59192117128
0.65,4.330000,0.886644179521
0.65,4.325000,1.21213872912
0.65,4.320000,3.83244565298
0.65,4.315000,3.62109892428
0.65,4.310000,1.28666010512
0.65,4.305000,3.99794449758
0.67,4.445000,1.26440745708
0.67,4.440000,0.134782367679
0.67,4.435000,4.77126216498
0.67,4.430000,5.11261214038
0.67,4.425000,0.299016916921
0.67,4.420000,8.32784616948
0.67,4.415000,4.83766003688
0.67,4.410000,6.51346573168
0.67,4.405000,1.90712139188
0.67,4.400000,3.91636940688
0.67,4.395000,3.35850838618
0.67,4.390000,3.40457114288
0.67,4.385000,2.26634961772
0.67,4.380000,4.64950141948
0.67,4.375000,2.78973252608
0.67,4.370000,0.414277747779
0.67,4.365000,3.36786489598
0.67,4.360000,3.09146461838
0.67,4.355000,5.76695531748
0.67,4.350000,5.84466581378
0.67,4.345000,6.83887110838
0.67,4.340000,6.06311733558
0.67,4.335000,3.21018260448
0.67,4.330000,0.576070858279
0.67,4.325000,1.15864511538
0.67,4.320000,7.39950650512
0.67,4.315000,25.5203257978
0.67,4.310000,40.7940795568
0.67,4.305000,35.4161397788
0.67,4.300000,3.93683698228
0.67,4.295000,6.02011896868
0.67,4.290000,7.56686187748
0.67,4.285000,7.73044325198
0.67,4.280000,5.70105225998
0.67,4.275000,8.10490798128
0.67,4.270000,4.13884206858
0.67,4.265000,7.60763068448
0.67,4.260000,4.72944657278
0.67,4.255000,9.28095272138
0.67,4.250000,7.53136777988
0.67,4.245000,3.02232142808
0.67,4.240000,6.35351721018
0.67,4.235000,6.01803572008
0.67,4.230000,4.35653156298
0.67,4.225000,4.81675743828
0.67,4.220000,4.73877826548
0.67,4.215000,4.71801313948
0.67,4.210000,3.87302277618
0.67,4.205000,1.56389045068
0.67,4.200000,4.96520543998
0.67,4.195000,0.503120135121
0.67,4.190000,2.98491886148
0.67,4.185000,8.66028177078
0.67,4.180000,7.65481366788
0.67,4.175000,3.68168336218
0.67,4.170000,5.72196907818
0.67,4.165000,4.88245929918
0.67,4.160000,3.16921808468
0.67,4.155000,3.34683323058
0.67,4.150000,0.789518833879
0.67,4.145000,1.66843677412
0.67,4.140000,2.66112044932
0.67,4.135000,6.56679965148
0.67,4.135000,4.19712069863
0.67,4.130000,2.63532893973
0.67,4.125000,7.35640727503
0.67,4.120000,7.57664456623
0.67,4.115000,6.98937224553
0.67,4.110000,7.82100379463
0.67,4.105000,6.60991297483
0.67,4.100000,1.32264409493
0.67,4.095000,4.22283075503
0.67,4.090000,2.80007269777
0.67,4.085000,2.91978783817
0.67,4.080000,0.777220999368
0.67,4.075000,0.579363489432
0.67,4.070000,0.960410977468
0.67,4.065000,2.34392234213
0.67,4.060000,4.20257792353
0.67,4.055000,1.20451678297
0.67,4.050000,3.67056023547
0.67,4.045000,3.28080420693
0.67,4.040000,2.62137418387
0.67,4.035000,0.0770976369677
0.67,4.030000,0.465812740868
0.67,4.025000,0.584861699532
0.67,4.020000,2.27403489813
0.67,4.015000,2.81823903923
0.67,4.010000,5.25832873533
0.67,4.005000,2.52649859607
0.67,4.000000,1.11050100763
0.67,3.995000,1.49457132917
0.67,3.990000,2.70391457057
0.67,3.985000,0.581390879868
0.67,3.980000,0.562798118032
0.67,3.975000,0.595240586668
0.67,3.970000,2.07906420073
0.67,3.965000,2.52142648533
0.67,3.960000,0.339915409968
0.67,3.955000,0.784687166032
0.67,3.950000,1.24060619813
0.67,3.945000,0.388574646468
0.67,3.940000,0.868621004432
0.67,3.935000,1.43651280527
0.67,3.930000,3.28696397487
0.67,3.925000,1.94414848383
0.67,3.920000,1.64791588413
0.67,3.915000,1.59319566203
0.67,3.910000,0.373201592968
0.67,3.905000,1.37764876343
0.67,3.900000,0.289616788132
0.67,3.895000,1.90495465873
0.67,3.890000,1.85877889327
0.67,3.885000,2.54985338237
0.67,3.880000,0.260605492632
0.67,3.875000,1.30741780807
0.67,3.870000,5.11293918667
0.67,3.865000,2.14503502387
0.67,3.860000,0.557851581332
0.67,3.855000,3.86890296537
0.67,3.850000,0.285282263132
0.67,3.845000,0.924523626832
0.67,3.840000,3.71993084547
0.67,3.835000,1.92745409487
0.67,3.830000,2.34709605057
0.67,3.825000,1.39828089733
0.67,3.820000,0.919413433068
0.67,3.815000,0.636736409068
0.67,3.810000,0.625902377332
0.67,3.805000,1.72290536633
0.67,3.800000,0.568238318632
0.67,3.795000,0.416404919668
0.67,3.790000,3.00233461827
0.67,3.785000,3.41625599857
0.67,3.780000,0.179664238668
0.67,3.775000,3.07411997617
0.67,3.770000,2.07049427013
0.67,3.765000,0.948969846868
0.67,3.760000,0.0393926860677
0.67,3.755000,1.27948537257
0.67,3.750000,3.05489524263
0.67,3.745000,0.399945395832
0.67,3.740000,3.14284493057
0.67,3.735000,0.784400988932
0.67,3.730000,2.28835539627
0.67,3.725000,1.67050375707
0.67,3.720000,2.47550865637
0.67,3.715000,3.76031743357
0.67,3.710000,3.63206430787
0.67,3.705000,2.84766602577
0.67,3.700000,0.258647827068
0.67,3.695000,2.98112098597
0.67,3.690000,3.61836313583
0.67,3.685000,5.14332468907
0.67,3.680000,1.57228983387
0.67,3.675000,5.84983842317
0.67,3.670000,0.336638526632
0.67,3.665000,0.104900547532
0.67,3.660000,2.81153522647
0.67,3.655000,1.17497721617
0.67,3.650000,2.09073752747
0.67,3.645000,1.16032755593
0.67,3.640000,2.24954875897
0.67,3.635000,3.60676094147
0.67,3.630000,1.77193677827
0.67,3.625000,0.314747866368
0.67,3.620000,2.72453146417
0.67,3.615000,3.29422013687
0.67,3.610000,1.70556494647
0.67,3.605000,4.14152041627
0.68,4.445000,2.47045711358
0.68,4.440000,0.472713605679
0.68,4.435000,3.12185765408
0.68,4.430000,4.32149131638
0.68,4.425000,2.26727526088
0.68,4.420000,2.54780246398
0.68,4.415000,4.06403046058
0.68,4.410000,2.45750608988
0.68,4.405000,1.94188957528
0.68,4.400000,0.537960177621
0.68,4.395000,3.50919312518
0.68,4.390000,3.33485278678
0.68,4.385000,1.20378994328
0.68,4.380000,0.761012348779
0.68,4.375000,4.05551921368
0.68,4.370000,3.15053656238
0.68,4.365000,1.07571826578
0.68,4.360000,4.79569288878
0.68,4.355000,0.440347422221
0.68,4.350000,5.88188026238
0.68,4.345000,0.714098492379
0.68,4.340000,3.65227553848
0.68,4.335000,0.782087302579
0.68,4.330000,1.51573904152
0.68,4.325000,3.73034205888
0.68,4.320000,1.43768507288
0.68,4.315000,0.0243794805214
0.68,4.310000,0.537374984279
0.68,4.305000,0.612903485079
0.68,4.300000,0.322630602121
0.68,4.295000,1.14053702172
0.68,4.290000,6.92946012792
0.68,4.285000,18.4984477403
0.68,4.280000,69.0345257348
0.68,4.275000,73.4411408908
0.68,4.270000,1.89833005022
0.68,4.265000,3.92632280448
0.68,4.260000,1.73478377318
0.68,4.255000,5.15240124358
0.68,4.250000,4.28560870918
0.68,4.245000,3.20462554178
0.68,4.240000,3.32841444378
0.68,4.235000,6.01152855658
0.68,4.230000,2.53462813418
0.68,4.225000,5.82260730738
0.68,4.220000,2.51147219862
0.68,4.215000,0.182385290421
0.68,4.210000,1.72964223978
0.68,4.205000,0.584942536579
0.68,4.200000,5.58329737138
0.68,4.195000,2.05824623788
0.68,4.190000,0.427049981279
0.68,4.185000,5.48978505688
0.68,4.180000,3.45201773468
0.68,4.175000,6.59236546488
0.68,4.170000,4.43986001848
0.68,4.165000,4.31114855488
0.68,4.160000,8.72321622438
0.68,4.155000,4.82455824558
0.68,4.150000,2.32643048578
0.68,4.145000,2.54044937638
0.68,4.140000,4.53817995998
0.68,4.135000,5.34917924248
0.68,4.135000,9.20031510653
0.68,4.130000,2.21372388103
0.68,4.125000,9.54788559983
0.68,4.120000,10.2455150199
0.68,4.115000,4.67167798823
0.68,4.110000,4.76168945423
0.68,4.105000,5.64854337003
0.68,4.100000,8.17453735213
0.68,4.095000,5.30522713953
0.68,4.090000,0.0738168115677
0.68,4.085000,0.448531236032
0.68,4.080000,3.50741032407
0.68,4.075000,1.44662808573
0.68,4.070000,3.01422473233
0.68,4.065000,1.81258823933
0.68,4.060000,2.16864485153
0.68,4.055000,3.23941955677
0.68,4.050000,1.29782240013
0.68,4.045000,2.17765523077
0.68,4.040000,1.57738341857
0.68,4.035000,0.117549977568
0.68,4.030000,0.236988355168
0.68,4.025000,1.04959759713
0.68,4.020000,4.07512429183
0.68,4.015000,0.847445204632
0.68,4.010000,5.40357755143
0.68,4.005000,1.71022202577
0.68,4.000000,0.495693352368
0.68,3.995000,1.56248235753
0.68,3.990000,1.16043767847
0.68,3.985000,1.67969302753
0.68,3.980000,2.63664895423
0.68,3.975000,2.48884685033
0.68,3.970000,0.880748787832
0.68,3.965000,3.59957779633
0.68,3.960000,1.74372153737
0.68,3.955000,3.66593038323
0.68,3.950000,1.05684575307
0.68,3.945000,3.53087692753
0.68,3.940000,2.31949994973
0.68,3.935000,2.53219430447
0.68,3.930000,2.70195957067
0.68,3.925000,0.835086701932
0.68,3.920000,0.605568184068
0.68,3.915000,0.728952425368
0.68,3.910000,0.313723599632
0.68,3.905000,0.584797053532
0.68,3.900000,0.172503977832
0.68,3.895000,1.27479356243
0.68,3.890000,2.27664934627
0.68,3.885000,1.77792856323
0.68,3.880000,1.53537197213
0.68,3.875000,4.56192550607
0.68,3.870000,2.72523034927
0.68,3.865000,0.895074487968
0.68,3.860000,2.95661533313
0.68,3.855000,0.0720321590677
0.68,3.850000,0.460914958632
0.68,3.845000,0.196834198468
0.68,3.840000,3.14585229953
0.68,3.835000,2.53365547547
0.68,3.830000,1.78384664637
0.68,3.825000,1.37512950193
0.68,3.820000,2.47615407833
0.68,3.815000,1.70505994553
0.68,3.810000,3.20867576157
0.68,3.805000,0.669526185968
0.68,3.800000,0.881807701532
0.68,3.795000,4.14120800247
0.68,3.790000,1.51684220393
0.68,3.785000,4.53825650497
0.68,3.780000,3.19493799497
0.68,3.775000,3.31483006967
0.68,3.770000,2.66229935127
0.68,3.765000,0.359984562968
0.68,3.760000,2.48100032173
0.68,3.755000,2.19549365587
0.68,3.750000,2.21867734707
0.68,3.745000,3.82312580447
0.68,3.740000,2.39325544337
0.68,3.735000,4.12448418717
0.68,3.730000,1.38442535347
0.68,3.725000,5.23735572577
0.68,3.720000,2.31802464177
0.68,3.715000,2.46914380657
0.68,3.710000,3.41225083357
0.68,3.705000,0.109636384468
0.68,3.700000,0.323016151268
0.68,3.695000,3.02472818407
0.68,3.690000,0.778232181432
0.68,3.685000,3.69298395357
0.68,3.680000,0.481878820968
0.68,3.675000,4.37143923187
0.68,3.670000,0.210897674032
0.68,3.665000,0.240703387368
0.68,3.660000,4.70888575637
0.68,3.655000,0.547027045268
0.68,3.650000,0.310387786832
0.68,3.645000,3.21407557933
0.68,3.640000,3.49839866367
0.68,3.635000,0.832388913168
0.68,3.630000,1.96814947087
0.68,3.625000,0.390938332232
0.68,3.620000,0.948209086832
0.68,3.615000,0.274991739168
0.68,3.610000,0.876694050232
0.68,3.605000,0.629504873568
0.69,4.445000,2.67369618788
0.69,4.440000,2.66918707938
0.69,4.435000,1.45079848348
0.69,4.430000,6.02027958848
0.69,4.425000,1.66042838818
0.69,4.420000,2.99327799788
0.69,4.415000,3.20250780728
0.69,4.410000,0.796471785879
0.69,4.405000,3.99941707048
0.69,4.400000,1.93741287842
0.69,4.395000,1.58468314938
0.69,4.390000,2.49037066972
0.69,4.385000,0.698692602521
0.69,4.380000,2.52897576498
0.69,4.375000,1.88547727382
0.69,4.370000,6.80020554318
0.69,4.365000,0.0433526733786
0.69,4.360000,0.890557667679
0.69,4.355000,3.55383500708
0.69,4.350000,0.964657902479
0.69,4.345000,2.77954379908
0.69,4.340000,4.03373544758
0.69,4.335000,3.83165167318
0.69,4.330000,0.570896768321
0.69,4.325000,1.28431041218
0.69,4.320000,7.44923647958
0.69,4.315000,2.07245643732
0.69,4.310000,0.286245031821
0.69,4.305000,1.04261226388
0.69,4.300000,2.69400639808
0.69,4.295000,3.79781237528
0.69,4.290000,3.20378700608
0.69,4.285000,0.630050083379
0.69,4.280000,1.43048651202
0.69,4.275000,2.08129169188
0.69,4.270000,2.30087706448
0.69,4.265000,2.14087816188
0.69,4.260000,0.00428334427859
0.69,4.255000,7.11507358302
0.69,4.250000,47.1817408368
0.69,4.245000,70.8487270048
0.69,4.240000,3.09898239372
0.69,4.235000,3.66251302608
0.69,4.230000,1.02605496728
0.69,4.225000,0.0289502969214
0.69,4.220000,4.38424254198
0.69,4.215000,2.21812581128
0.69,4.210000,2.73056091018
0.69,4.205000,4.22700043718
0.69,4.200000,4.35011976918
0.69,4.195000,2.66313919938
0.69,4.190000,0.736876607579
0.69,4.185000,3.88483911968
0.69,4.180000,4.27012368848
0.69,4.175000,3.49480576568
0.69,4.170000,3.13128835968
0.69,4.165000,4.71478759468
0.69,4.160000,6.13550973798
0.69,4.155000,1.15441435988
0.69,4.150000,2.35334667618
0.69,4.145000,3.41511244318
0.69,4.140000,0.174083562479
0.69,4.135000,3.64174553048
0.69,4.135000,4.25651666063
0.69,4.130000,0.0871480055323
0.69,4.125000,9.83112025503
0.69,4.120000,10.3297147275
0.69,4.115000,6.35726049833
0.69,4.110000,9.64429904913
0.69,4.105000,1.16662274493
0.69,4.100000,2.45683111563
0.69,4.095000,21.6961415357
0.69,4.090000,1.70502502023
0.69,4.085000,0.632467354868
0.69,4.080000,0.660293344732
0.69,4.075000,1.20963001013
0.69,4.070000,4.23605537993
0.69,4.065000,2.75950799123
0.69,4.060000,3.29252068067
0.69,4.055000,4.56121034337
0.69,4.050000,2.67135631667
0.69,4.045000,3.14172387343
0.69,4.040000,2.57994462517
0.69,4.035000,0.434228151832
0.69,4.030000,1.99191333137
0.69,4.025000,0.922899238632
0.69,4.020000,3.49873860493
0.69,4.015000,2.83697119383
0.69,4.010000,0.127054690932
0.69,4.005000,4.03675002133
0.69,4.000000,3.94319139907
0.69,3.995000,1.69142907343
0.69,3.990000,2.82863018743
0.69,3.985000,2.82446414553
0.69,3.980000,2.61451305827
0.69,3.975000,1.00131023323
0.69,3.970000,6.43185881233
0.69,3.965000,1.04895939563
0.69,3.960000,1.43226843237
0.69,3.955000,2.70040005803
0.69,3.950000,1.85828517507
0.69,3.945000,3.27035309543
0.69,3.940000,2.57733959647
0.69,3.935000,4.40810404133
0.69,3.930000,2.35747309287
0.69,3.925000,1.16088051263
0.69,3.920000,0.986032989468
0.69,3.915000,0.0191689543677
0.69,3.910000,2.54230990123
0.69,3.905000,0.455360002432
0.69,3.900000,3.00492296713
0.69,3.895000,0.363902864768
0.69,3.890000,0.0645682568677
0.69,3.885000,1.16767328153
0.69,3.880000,3.04442738103
0.69,3.875000,3.05458841727
0.69,3.870000,3.06090154297
0.69,3.865000,1.19856537643
0.69,3.860000,0.272445424168
0.69,3.855000,2.66846676767
0.69,3.850000,0.369774163032
0.69,3.845000,1.41722690987
0.69,3.840000,2.24822495157
0.69,3.835000,4.36624502947
0.69,3.830000,1.33990168787
0.69,3.825000,1.20842031957
0.69,3.820000,1.01122470387
0.69,3.815000,1.86363909543
0.69,3.810000,3.21835220667
0.69,3.805000,3.29062066917
0.69,3.800000,0.153121772032
0.69,3.795000,1.27365563767
0.69,3.790000,0.104917463768
0.69,3.785000,5.62333176827
0.69,3.780000,4.54396002847
0.69,3.775000,2.55397315887
0.69,3.770000,1.64030573803
0.69,3.765000,0.177642859932
0.69,3.760000,1.97861723637
0.69,3.755000,0.911319428568
0.69,3.750000,4.33834411907
0.69,3.745000,4.01972296247
0.69,3.740000,4.01174366547
0.69,3.735000,5.14513063917
0.69,3.730000,0.494362523968
0.69,3.725000,3.22051083607
0.69,3.720000,2.23061136727
0.69,3.715000,2.62059532133
0.69,3.710000,5.18666244657
0.69,3.705000,2.97503191957
0.69,3.700000,0.608581314032
0.69,3.695000,4.46708596287
0.69,3.690000,0.831119876232
0.69,3.685000,4.13511926087
0.69,3.680000,0.178046274868
0.69,3.675000,7.29947679057
0.69,3.670000,2.35582276533
0.69,3.665000,1.89345662263
0.69,3.660000,1.41327095303
0.69,3.655000,0.679998578668
0.69,3.650000,5.06593990457
0.69,3.645000,1.03989318173
0.69,3.640000,0.207556479468
0.69,3.635000,0.709356819532
0.69,3.630000,3.78757785447
0.69,3.625000,1.64643295663
0.69,3.620000,0.736682242632
0.69,3.615000,0.938453659168
0.69,3.610000,2.67073567367
0.69,3.605000,2.44864191747
0.70,4.445000,0.647097275679
0.70,4.440000,2.89332892898
0.70,4.435000,1.89154387668
0.70,4.430000,1.28678493762
0.70,4.425000,7.43782648468
0.70,4.420000,5.85014572748
0.70,4.415000,3.23396972578
0.70,4.410000,0.694822201879
0.70,4.405000,6.48239355188
0.70,4.400000,1.19916059262
0.70,4.395000,3.33727147118
0.70,4.390000,0.613602233321
0.70,4.385000,1.13111537358
0.70,4.380000,3.57768318712
0.70,4.375000,1.67762917228
0.70,4.370000,1.60466507738
0.70,4.365000,2.51777247042
0.70,4.360000,0.941697927879
0.70,4.355000,3.56127471998
0.70,4.350000,4.60714821848
0.70,4.345000,2.91975002618
0.70,4.340000,7.82907737388
0.70,4.335000,4.73426841788
0.70,4.330000,0.912896137779
0.70,4.325000,3.49317076008
0.70,4.320000,1.46837045948
0.70,4.315000,0.620119375221
0.70,4.310000,5.46457291788
0.70,4.305000,2.90840339078
0.70,4.300000,1.70513221718
0.70,4.295000,0.411906889979
0.70,4.290000,2.89772907348
0.70,4.285000,0.652531589579
0.70,4.280000,1.64600469152
0.70,4.275000,5.32332068368
0.70,4.270000,0.604242673521
0.70,4.265000,0.238996763879
0.70,4.260000,3.30047283588
0.70,4.255000,1.53239394862
0.70,4.250000,0.340020367079
0.70,4.245000,1.07140778068
0.70,4.240000,1.48650453368
0.70,4.235000,0.638728572021
0.70,4.230000,1.19670571088
0.70,4.225000,11.5250183775
0.70,4.220000,59.8720557078
0.70,4.215000,37.1284220318
0.70,4.210000,0.603115976321
0.70,4.205000,1.88487999718
0.70,4.200000,2.75309893998
0.70,4.195000,3.60710321958
0.70,4.190000,2.79845127688
0.70,4.185000,3.81688073948
0.70,4.180000,4.61092731988
0.70,4.175000,3.36893596638
0.70,4.170000,4.14113951078
0.70,4.165000,2.24744437718
0.70,4.160000,4.10095296418
0.70,4.155000,4.61188394858
0.70,4.150000,2.18120375318
0.70,4.145000,5.75221203678
0.70,4.140000,5.59583976058
0.70,4.135000,4.26842416388
0.70,4.135000,2.26017075113
0.70,4.130000,0.000262459432321
0.70,4.125000,4.88159967743
0.70,4.120000,5.69660341643
0.70,4.115000,2.10034389873
0.70,4.110000,4.75138210673
0.70,4.105000,1.31016789123
0.70,4.100000,1.28232502513
0.70,4.095000,3.47587852773
0.70,4.090000,4.60010988663
0.70,4.085000,29.7346984517
0.70,4.080000,5.59005294933
0.70,4.075000,2.92819626633
0.70,4.070000,3.19369707743
0.70,4.065000,3.10273128913
0.70,4.060000,0.219260804768
0.70,4.055000,1.55157774833
0.70,4.050000,1.20955105307
0.70,4.045000,3.16932511847
0.70,4.040000,3.11060846437
0.70,4.035000,2.42619123127
0.70,4.030000,2.30363652217
0.70,4.025000,0.988383961768
0.70,4.020000,5.54934659453
0.70,4.015000,1.26991955833
0.70,4.010000,5.04895363263
0.70,4.005000,2.59372825133
0.70,4.000000,0.0782791592323
0.70,3.995000,1.19089461147
0.70,3.990000,0.834036750868
0.70,3.985000,1.44669721333
0.70,3.980000,1.49843294183
0.70,3.975000,0.0746817842677
0.70,3.970000,0.401588832432
0.70,3.965000,4.10375512613
0.70,3.960000,1.11259091677
0.70,3.955000,2.21044827647
0.70,3.950000,1.78377469407
0.70,3.945000,1.12083557613
0.70,3.940000,5.09113034127
0.70,3.935000,0.776640210032
0.70,3.930000,4.01359176927
0.70,3.925000,0.0452426941677
0.70,3.920000,4.11697356543
0.70,3.915000,0.178014150668
0.70,3.910000,4.01054626967
0.70,3.905000,0.494845193232
0.70,3.900000,1.71647462793
0.70,3.895000,2.24559837713
0.70,3.890000,2.36299876837
0.70,3.885000,1.42357137823
0.70,3.880000,0.637351169968
0.70,3.875000,2.75550376617
0.70,3.870000,6.61261289587
0.70,3.865000,0.991581653568
0.70,3.860000,1.54845453393
0.70,3.855000,2.08317565477
0.70,3.850000,1.82408603053
0.70,3.845000,0.0592534138677
0.70,3.840000,2.10595668823
0.70,3.835000,1.11500521667
0.70,3.830000,0.901499978832
0.70,3.825000,4.03751198523
0.70,3.820000,0.974000243368
0.70,3.815000,0.364077470432
0.70,3.810000,1.69397928217
0.70,3.805000,3.81389616757
0.70,3.800000,2.11061095937
0.70,3.795000,0.0293555454323
0.70,3.790000,0.0192364687323
0.70,3.785000,2.48288549787
0.70,3.780000,2.07675579167
0.70,3.775000,3.60078476477
0.70,3.770000,0.318694660268
0.70,3.765000,1.66469692253
0.70,3.760000,0.113922338668
0.70,3.755000,2.85073524637
0.70,3.750000,2.45396830797
0.70,3.745000,1.60098024297
0.70,3.740000,1.62416522447
0.70,3.735000,3.04797643087
0.70,3.730000,4.09540531507
0.70,3.725000,2.00708797567
0.70,3.720000,0.101024361632
0.70,3.715000,2.70945768907
0.70,3.710000,2.46103007437
0.70,3.705000,0.881383222168
0.70,3.700000,0.648707134068
0.70,3.695000,5.22810295777
0.70,3.690000,2.04133839253
0.70,3.685000,5.89099600897
0.70,3.680000,1.51285475607
0.70,3.675000,5.61338032857
0.70,3.670000,1.47086617947
0.70,3.665000,3.76339275173
0.70,3.660000,0.445532166432
0.70,3.655000,0.134562455132
0.70,3.650000,0.0273767431323
0.70,3.645000,0.830186598268
0.70,3.640000,1.97238619337
0.70,3.635000,1.70907428327
0.70,3.630000,0.988140820068
0.70,3.625000,2.82950934593
0.70,3.620000,0.756973474968
0.70,3.615000,1.98252017387
0.70,3.610000,4.07490158767
0.70,3.605000,1.97904528683
0.71,4.445000,0.0422635714786
0.71,4.440000,5.10104294718
0.71,4.435000,1.97287503408
0.71,4.430000,4.86255025838
0.71,4.425000,2.39497577348
0.71,4.420000,2.68631233018
0.71,4.415000,3.24605139948
0.71,4.410000,1.13844735348
0.71,4.405000,0.129453437021
0.71,4.400000,0.260702413879
0.71,4.395000,2.47190595178
0.71,4.390000,1.20305566608
0.71,4.385000,0.244720321521
0.71,4.380000,2.38115400088
0.71,4.375000,2.82735676058
0.71,4.370000,2.91080636898
0.71,4.365000,2.15795600128
0.71,4.360000,3.36789693218
0.71,4.355000,2.29100641048
0.71,4.350000,2.11823119018
0.71,4.345000,1.15416048768
0.71,4.340000,4.84363709828
0.71,4.335000,0.579812166079
0.71,4.330000,0.231101805179
0.71,4.325000,3.01549983368
0.71,4.320000,2.70855699968
0.71,4.315000,1.67470958258
0.71,4.310000,1.36229346422
0.71,4.305000,0.951594118279
0.71,4.300000,7.38120846908
0.71,4.295000,0.651904460021
0.71,4.290000,4.21160790588
0.71,4.285000,1.94440543902
0.71,4.280000,0.0173028757786
0.71,4.275000,2.32049939228
0.71,4.270000,2.52514873508
0.71,4.265000,0.788614488879
0.71,4.260000,1.94296579218
0.71,4.255000,0.527750060579
0.71,4.250000,2.98200747898
0.71,4.245000,1.02369113082
0.71,4.240000,4.36733021728
0.71,4.235000,1.60189346228
0.71,4.230000,4.97456008398
0.71,4.225000,1.14348631448
0.71,4.220000,0.349401376279
0.71,4.215000,4.56360731398
0.71,4.210000,2.53082867652
0.71,4.205000,2.88739113408
0.71,4.200000,8.83966480262
0.71,4.195000,62.6346774418
0.71,4.190000,3.14827982062
0.71,4.185000,1.51628966408
0.71,4.180000,1.59957400758
0.71,4.175000,4.00639268098
0.71,4.170000,9.41128282508
0.71,4.165000,3.94908248988
0.71,4.160000,5.04880065138
0.71,4.155000,4.17393488378
0.71,4.150000,2.01112672548
0.71,4.145000,2.00919709818
0.71,4.140000,3.55758985478
0.71,4.135000,5.15581444698
0.71,4.135000,6.19424090763
0.71,4.130000,3.19384234553
0.71,4.125000,2.34469560723
0.71,4.120000,5.60690922063
0.71,4.115000,3.22381326703
0.71,4.110000,4.81995255243
0.71,4.105000,1.08374692193
0.71,4.100000,3.76719385057
0.71,4.095000,2.28180416603
0.71,4.090000,0.988909142768
0.71,4.085000,0.805657981132
0.71,4.080000,5.29231330273
0.71,4.075000,6.04640531213
0.71,4.070000,7.34696068503
0.71,4.065000,30.1398166427
0.71,4.060000,2.30005301143
0.71,4.055000,0.221340801232
0.71,4.050000,3.77564936017
0.71,4.045000,0.622488825732
0.71,4.040000,5.57254087287
0.71,4.035000,1.85493628867
0.71,4.030000,1.60143028337
0.71,4.025000,0.729891293232
0.71,4.020000,0.124987069368
0.71,4.015000,2.12272427007
0.71,4.010000,1.96067811733
0.71,4.005000,1.81119162733
0.71,4.000000,0.774639631332
0.71,3.995000,4.75383416817
0.71,3.990000,1.75610228927
0.71,3.985000,2.27689342127
0.71,3.980000,0.111827397168
0.71,3.975000,4.65731566507
0.71,3.970000,1.62490857853
0.71,3.965000,0.542529991768
0.71,3.960000,0.789028390968
0.71,3.955000,1.67314805917
0.71,3.950000,1.19149659047
0.71,3.945000,4.29598110307
0.71,3.940000,0.960001183868
0.71,3.935000,0.135948333432
0.71,3.930000,3.76044463157
0.71,3.925000,2.83963165997
0.71,3.920000,2.41573558927
0.71,3.915000,4.59439173087
0.71,3.910000,3.69599821457
0.71,3.905000,3.28976993597
0.71,3.900000,0.438639829168
0.71,3.895000,2.78179546213
0.71,3.890000,1.64477129397
0.71,3.885000,3.34766090623
0.71,3.880000,0.290832980168
0.71,3.875000,4.25721292037
0.71,3.870000,2.57848226417
0.71,3.865000,3.00374679777
0.71,3.860000,0.0210527756323
0.71,3.855000,0.805343261768
0.71,3.850000,0.861619572268
0.71,3.845000,0.936665898768
0.71,3.840000,0.468443782232
0.71,3.835000,0.460960511468
0.71,3.830000,2.47114196527
0.71,3.825000,1.68842439177
0.71,3.820000,3.25962966837
0.71,3.815000,3.20923470727
0.71,3.810000,3.20252864317
0.71,3.805000,4.39356002977
0.71,3.800000,3.72226028827
0.71,3.795000,0.919642584268
0.71,3.790000,3.76462916527
0.71,3.785000,6.69142193237
0.71,3.780000,2.14237198397
0.71,3.775000,0.600970914132
0.71,3.770000,1.51288112347
0.71,3.765000,3.73163905743
0.71,3.760000,2.80993491477
0.71,3.755000,1.75839811417
0.71,3.750000,1.85254294367
0.71,3.745000,3.71406942097
0.71,3.740000,1.38186946583
0.71,3.735000,2.53284036667
0.71,3.730000,2.77123663247
0.71,3.725000,5.32244031047
0.71,3.720000,2.31289199757
0.71,3.715000,1.65026672407
0.71,3.710000,1.00851578393
0.71,3.705000,5.26412551827
0.71,3.700000,2.91057990857
0.71,3.695000,5.07908300257
0.71,3.690000,1.44011858017
0.71,3.685000,8.78688924587
0.71,3.680000,3.51703036577
0.71,3.675000,4.53723042317
0.71,3.670000,0.348234686768
0.71,3.665000,2.09578002777
0.71,3.660000,1.98769260237
0.71,3.655000,1.51613581977
0.71,3.650000,2.30580952377
0.71,3.645000,1.84719057253
0.71,3.640000,2.09184562677
0.71,3.635000,0.744020317368
0.71,3.630000,0.880131446168
0.71,3.625000,0.424278895832
0.71,3.620000,0.784291124732
0.71,3.615000,6.01598834797
0.71,3.610000,2.14418520327
0.71,3.605000,2.15252844797
0.72,4.445000,1.40178248718
0.72,4.440000,0.362032886421
0.72,4.435000,5.52255248158
0.72,4.430000,3.86982308508
0.72,4.425000,6.20481070048
0.72,4.420000,0.874283011621
0.72,4.415000,4.82700680498
0.72,4.410000,1.19686341138
0.72,4.405000,0.357818445121
0.72,4.400000,2.17833902282
0.72,4.395000,2.23824454258
0.72,4.390000,0.955885335479
0.72,4.385000,1.19867523122
0.72,4.380000,2.20357866438
0.72,4.375000,1.16825070868
0.72,4.370000,0.371539153221
0.72,4.365000,1.27394084848
0.72,4.360000,1.69000982478
0.72,4.355000,4.24428438608
0.72,4.350000,3.78064009538
0.72,4.345000,1.67602662338
0.72,4.340000,6.50201165268
0.72,4.335000,5.17392383888
0.72,4.330000,1.88854773042
0.72,4.325000,1.94679046938
0.72,4.320000,3.80787278318
0.72,4.315000,4.61117759378
0.72,4.310000,1.41687664158
0.72,4.305000,4.34678225348
0.72,4.300000,6.01789905438
0.72,4.295000,3.38697440272
0.72,4.290000,2.28739170758
0.72,4.285000,1.66415921728
0.72,4.280000,4.48328786908
0.72,4.275000,2.94241716578
0.72,4.270000,2.99985329638
0.72,4.265000,2.60772865068
0.72,4.260000,2.54905951658
0.72,4.255000,1.22268360642
0.72,4.250000,2.37985400208
0.72,4.245000,2.48744043328
0.72,4.240000,2.62913472608
0.72,4.235000,0.971037407979
0.72,4.230000,4.19418402508
0.72,4.225000,3.76271458338
0.72,4.220000,3.72355424748
0.72,4.215000,0.780108990179
0.72,4.210000,2.52134538668
0.72,4.205000,3.56299653318
0.72,4.200000,3.95922418018
0.72,4.195000,6.68026638408
0.72,4.190000,1.64056558198
0.72,4.185000,0.0471445304786
0.72,4.180000,23.518621471
0.72,4.175000,17.4063987133
0.72,4.170000,5.47028812028
0.72,4.165000,4.25234231858
0.72,4.160000,4.57099475838
0.72,4.155000,3.08510088918
0.72,4.150000,5.36566218798
0.72,4.145000,2.01463329962
0.72,4.140000,4.27575388618
0.72,4.135000,5.60611186708
0.72,4.135000,5.61740593383
0.72,4.130000,4.81223566253
0.72,4.125000,7.68749710043
0.72,4.120000,5.88231528913
0.72,4.115000,3.66499382753
0.72,4.110000,6.48665608993
0.72,4.105000,0.781614351868
0.72,4.100000,1.04984766973
0.72,4.095000,0.314255672532
0.72,4.090000,0.205343850532
0.72,4.085000,2.54686965103
0.72,4.080000,4.48508725973
0.72,4.075000,0.182042068468
0.72,4.070000,3.63167445643
0.72,4.065000,1.63578061023
0.72,4.060000,0.391415645132
0.72,4.055000,6.23295542923
0.72,4.050000,9.45890439683
0.72,4.045000,31.6591356867
0.72,4.040000,22.5280436017
0.72,4.035000,0.546072315132
0.72,4.030000,2.28840508717
0.72,4.025000,3.81236466223
0.72,4.020000,2.85990368973
0.72,4.015000,0.468578413732
0.72,4.010000,2.51827262323
0.72,4.005000,0.323537684768
0.72,4.000000,3.64391340637
0.72,3.995000,1.44330171333
0.72,3.990000,0.675716042668
0.72,3.985000,2.01760192937
0.72,3.980000,0.340067635068
0.72,3.975000,2.44112427953
0.72,3.970000,2.75543738053
0.72,3.965000,1.39063150623
0.72,3.960000,1.59738200673
0.72,3.955000,2.15376423567
0.72,3.950000,0.514108306332
0.72,3.945000,0.383303038268
0.72,3.940000,4.61558798143
0.72,3.935000,0.00731069463232
0.72,3.930000,0.146662008668
0.72,3.925000,0.900883677632
0.72,3.920000,0.308635236732
0.72,3.915000,3.02107778937
0.72,3.910000,3.31278095617
0.72,3.905000,0.167727581768
0.72,3.900000,0.757973973468
0.72,3.895000,2.21404749343
0.72,3.890000,0.572249272632
0.72,3.885000,2.09872981243
0.72,3.880000,3.58403802797
0.72,3.875000,3.96121306207
0.72,3.870000,5.36566076137
0.72,3.865000,0.951614552632
0.72,3.860000,0.831652943732
0.72,3.855000,4.05224218097
0.72,3.850000,4.53695938463
0.72,3.845000,0.992801401632
0.72,3.840000,0.701894584868
0.72,3.835000,1.71498298337
0.72,3.830000,3.29816668507
0.72,3.825000,1.60035785513
0.72,3.820000,2.61571702097
0.72,3.815000,0.388124170232
0.72,3.810000,0.459822117732
0.72,3.805000,2.47111591357
0.72,3.800000,2.11114565743
0.72,3.795000,1.85449273577
0.72,3.790000,0.146167827968
0.72,3.785000,2.99786028497
0.72,3.780000,6.35004645927
0.72,3.775000,0.230228017632
0.72,3.770000,3.39767438323
0.72,3.765000,2.82042782847
0.72,3.760000,0.335543076932
0.72,3.755000,1.46721227777
0.72,3.750000,3.06268766473
0.72,3.745000,1.34709326417
0.72,3.740000,2.00112398997
0.72,3.735000,4.69570420067
0.72,3.730000,1.81347668127
0.72,3.725000,0.925224057732
0.72,3.720000,2.95329523417
0.72,3.715000,1.64811311727
0.72,3.710000,2.18926388947
0.72,3.705000,2.32958423807
0.72,3.700000,3.12426587187
0.72,3.695000,2.87673126187
0.72,3.690000,0.745750025668
0.72,3.685000,2.35587116107
0.72,3.680000,2.17905522857
0.72,3.675000,2.93782517587
0.72,3.670000,3.07515975457
0.72,3.665000,0.699580743832
0.72,3.660000,5.54386309647
0.72,3.655000,1.93072850357
0.72,3.650000,4.77667569617
0.72,3.645000,1.16538941283
0.72,3.640000,1.19819715827
0.72,3.635000,2.06480226027
0.72,3.630000,0.199272365732
0.72,3.625000,1.45919704773
0.72,3.620000,4.22883364887
0.72,3.615000,5.07923195297
0.72,3.610000,3.89332753907
0.72,3.605000,1.32731329867
0.73,4.445000,2.43939418468
0.73,4.440000,0.255686181379
0.73,4.435000,1.90380948718
0.73,4.430000,3.19894212058
0.73,4.425000,1.55732180228
0.73,4.420000,7.73157316168
0.73,4.415000,2.15490200018
0.73,4.410000,4.53104261968
0.73,4.405000,1.82752845552
0.73,4.400000,0.462620920079
0.73,4.395000,7.84072751138
0.73,4.390000,1.64988194492
0.73,4.385000,0.726692808279
0.73,4.380000,2.53984722278
0.73,4.375000,3.63596456428
0.73,4.370000,0.985335703121
0.73,4.365000,3.30991032838
0.73,4.360000,2.80554522218
0.73,4.355000,3.66416682848
0.73,4.350000,3.00508420898
0.73,4.345000,4.23779946308
0.73,4.340000,5.30958126348
0.73,4.335000,2.53079321818
0.73,4.330000,0.0518271050786
0.73,4.325000,4.88300207708
0.73,4.320000,2.94670364058
0.73,4.315000,2.36022772648
0.73,4.310000,2.86507370508
0.73,4.305000,1.62051703328
0.73,4.300000,5.35367362708
0.73,4.295000,0.307556932979
0.73,4.290000,2.45361479128
0.73,4.285000,1.15977880212
0.73,4.280000,0.870375703421
0.73,4.275000,5.21964896518
0.73,4.270000,2.27774437418
0.73,4.265000,1.31155936458
0.73,4.260000,5.00347061928
0.73,4.255000,0.876660448321
0.73,4.250000,2.01453214208
0.73,4.245000,1.50872559728
0.73,4.240000,3.60205995188
0.73,4.235000,2.56654776388
0.73,4.230000,5.60199578628
0.73,4.225000,3.57869155418
0.73,4.220000,1.01750977748
0.73,4.215000,4.12637918778
0.73,4.210000,3.85986725742
0.73,4.205000,5.51071706298
0.73,4.200000,3.59197251398
0.73,4.195000,2.76848926548
0.73,4.190000,0.765806672379
0.73,4.185000,0.0695199892214
0.73,4.180000,0.443582399221
0.73,4.175000,3.80009932178
0.73,4.170000,0.144903715679
0.73,4.165000,84.1213395298
0.73,4.160000,1.45203769048
0.73,4.155000,3.70728532838
0.73,4.150000,0.278891968279
0.73,4.145000,2.69761235768
0.73,4.140000,3.96180484728
0.73,4.135000,6.09275400978
0.73,4.135000,3.22167402523
0.73,4.130000,2.49376878653
0.73,4.125000,7.09929661333
0.73,4.120000,4.15454780973
0.73,4.115000,3.50079789013
0.73,4.110000,8.98741090083
0.73,4.105000,0.288641726832
0.73,4.100000,0.618958513868
0.73,4.095000,1.34024336033
0.73,4.090000,1.35577695793
0.73,4.085000,3.61297365583
0.73,4.080000,2.91469016133
0.73,4.075000,2.39291771673
0.73,4.070000,2.37922464423
0.73,4.065000,1.46270693207
0.73,4.060000,1.89552970273
0.73,4.055000,0.423637759432
0.73,4.050000,3.79280489967
0.73,4.045000,1.65594426343
0.73,4.040000,1.27594069847
0.73,4.035000,4.45482773213
0.73,4.030000,3.17066850293
0.73,4.025000,1.75559282033
0.73,4.020000,11.2049469195
0.73,4.015000,35.3923684047
0.73,4.010000,25.5828797837
0.73,4.005000,0.834143856732
0.73,4.000000,0.149505627432
0.73,3.995000,3.82602864597
0.73,3.990000,0.815268189268
0.73,3.985000,1.50965412733
0.73,3.980000,4.78182653483
0.73,3.975000,2.85913660343
0.73,3.970000,3.40324044923
0.73,3.965000,5.22455620083
0.73,3.960000,0.294095842168
0.73,3.955000,2.61459892373
0.73,3.950000,2.75964218257
0.73,3.945000,2.10731787187
0.73,3.940000,1.85144907203
0.73,3.935000,0.696250920332
0.73,3.930000,0.253684483168
0.73,3.925000,0.0331386236323
0.73,3.920000,0.160653974968
0.73,3.915000,2.08748093457
0.73,3.910000,0.238734707832
0.73,3.905000,1.13850113227
0.73,3.900000,0.553412599268
0.73,3.895000,0.624821683332
0.73,3.890000,0.876057962568
0.73,3.885000,1.45753007093
0.73,3.880000,3.43247266997
0.73,3.875000,3.53454215437
0.73,3.870000,0.297313935532
0.73,3.865000,0.977319850632
0.73,3.860000,1.99460187173
0.73,3.855000,1.04375497967
0.73,3.850000,1.43550829097
0.73,3.845000,1.51490915337
0.73,3.840000,2.57956948573
0.73,3.835000,3.52564365117
0.73,3.830000,2.90840753457
0.73,3.825000,3.07499912373
0.73,3.820000,4.34008714017
0.73,3.815000,0.0849143654323
0.73,3.810000,2.86240517513
0.73,3.805000,1.51948578493
0.73,3.800000,3.41969632197
0.73,3.795000,4.18790947757
0.73,3.790000,2.64212008567
0.73,3.785000,3.60550368727
0.73,3.780000,1.09548226737
0.73,3.775000,1.60326459423
0.73,3.770000,1.11452301603
0.73,3.765000,1.71958802397
0.73,3.760000,1.72758715333
0.73,3.755000,0.252498046732
0.73,3.750000,2.71142846713
0.73,3.745000,6.21748690967
0.73,3.740000,0.513149557268
0.73,3.735000,3.83185254537
0.73,3.730000,1.70109497157
0.73,3.725000,4.40802862557
0.73,3.720000,4.10094059737
0.73,3.715000,2.24601032417
0.73,3.710000,0.0155211109323
0.73,3.705000,5.83269081817
0.73,3.700000,2.50438530677
0.73,3.695000,3.03481062167
0.73,3.690000,1.17214056097
0.73,3.685000,4.21321790437
0.73,3.680000,6.60257291277
0.73,3.675000,2.80884294077
0.73,3.670000,0.341524885968
0.73,3.665000,3.16637985577
0.73,3.660000,3.44799651287
0.73,3.655000,0.790893111632
0.73,3.650000,3.60214897637
0.73,3.645000,0.756989066368
0.73,3.640000,0.00142090483233
0.73,3.635000,0.743435481168
0.73,3.630000,1.09129881837
0.73,3.625000,2.19233365307
0.73,3.620000,1.25200940287
0.73,3.615000,4.16487779147
0.73,3.610000,1.28430219857
0.73,3.605000,0.572799161668
0.74,4.445000,3.84261097978
0.74,4.440000,3.82905910438
0.74,4.435000,2.48397201268
0.74,4.430000,1.73708544928
0.74,4.425000,0.104208713021
0.74,4.420000,5.93375102528
0.74,4.415000,2.43982265948
0.74,4.410000,0.215452338021
0.74,4.405000,1.49019989688
0.74,4.400000,0.156259838321
0.74,4.395000,1.91983706458
0.74,4.390000,0.825435045421
0.74,4.385000,3.46444264028
0.74,4.380000,0.990772016779
0.74,4.375000,0.166533609779
0.74,4.370000,1.53313376682
0.74,4.365000,0.762239108521
0.74,4.360000,5.36941579958
0.74,4.355000,2.29231290438
0.74,4.350000,5.99751669848
0.74,4.345000,4.66063933678
0.74,4.340000,4.49379736658
0.74,4.335000,0.374759458679
0.74,4.330000,3.67365985868
0.74,4.325000,5.20105636288
0.74,4.320000,3.76183821628
0.74,4.315000,1.71016933918
0.74,4.310000,0.589177711721
0.74,4.305000,2.27090186062
0.74,4.300000,3.21656176128
0.74,4.295000,3.29153358088
0.74,4.290000,0.0464514753214
0.74,4.285000,5.03996032508
0.74,4.280000,2.73880458448
0.74,4.275000,2.96991223878
0.74,4.270000,1.19304136792
0.74,4.265000,6.38396598928
0.74,4.260000,2.91450959058
0.74,4.255000,5.36552245558
0.74,4.250000,4.63096272108
0.74,4.245000,0.876447376479
0.74,4.240000,1.69802334828
0.74,4.235000,0.653843472879
0.74,4.230000,6.38091656958
0.74,4.225000,0.254444404379
0.74,4.220000,3.09918147848
0.74,4.215000,1.63142636738
0.74,4.210000,4.06862444858
0.74,4.205000,6.04430410678
0.74,4.200000,0.896696176979
0.74,4.195000,3.68949994708
0.74,4.190000,3.93984529948
0.74,4.185000,2.42627291928
0.74,4.180000,3.37256169588
0.74,4.175000,0.710121069179
0.74,4.170000,2.36331060808
0.74,4.165000,2.32886053298
0.74,4.160000,6.80730941202
0.74,4.155000,0.0168351729786
0.74,4.150000,1.20751682628
0.74,4.145000,1.67873209478
0.74,4.140000,5.72965379878
0.74,4.135000,2.04792706448
0.74,4.135000,2.58010656803
0.74,4.130000,2.58979977483
0.74,4.125000,7.44862535083
0.74,4.120000,6.43213208453
0.74,4.115000,5.02738625553
0.74,4.110000,3.60782316663
0.74,4.105000,4.60245067863
0.74,4.100000,4.85589971013
0.74,4.095000,0.463972295432
0.74,4.090000,2.95772483613
0.74,4.085000,2.54136858043
0.74,4.080000,2.14201823383
0.74,4.075000,0.884873268668
0.74,4.070000,5.51019503713
0.74,4.065000,4.22873162757
0.74,4.060000,1.10591054867
0.74,4.055000,0.877837789732
0.74,4.050000,3.07039432277
0.74,4.045000,2.52053160783
0.74,4.040000,1.97164297917
0.74,4.035000,7.05210511553
0.74,4.030000,1.22628605127
0.74,4.025000,0.349671439868
0.74,4.020000,4.17904803543
0.74,4.015000,2.61050827263
0.74,4.010000,4.76546585693
0.74,4.005000,2.03967606093
0.74,4.000000,8.08332466613
0.74,3.995000,6.92443775603
0.74,3.990000,8.01486985303
0.74,3.985000,17.2037901037
0.74,3.980000,33.3485721677
0.74,3.975000,23.7558614937
0.74,3.970000,3.15617054813
0.74,3.965000,5.18697199633
0.74,3.960000,1.22791780577
0.74,3.955000,1.12238259547
0.74,3.950000,2.25709633417
0.74,3.945000,1.92565841283
0.74,3.940000,2.20792709637
0.74,3.935000,0.545585610932
0.74,3.930000,0.00839965896768
0.74,3.925000,3.89469419013
0.74,3.920000,1.82591226237
0.74,3.915000,2.22309535633
0.74,3.910000,0.312237991268
0.74,3.905000,1.73949425027
0.74,3.900000,1.70559223173
0.74,3.895000,3.82098409343
0.74,3.890000,1.08569787617
0.74,3.885000,0.611652346332
0.74,3.880000,1.49646460867
0.74,3.875000,1.88936198087
0.74,3.870000,1.94035792607
0.74,3.865000,0.0594532676323
0.74,3.860000,1.02922436333
0.74,3.855000,0.634375885768
0.74,3.850000,7.02196861433
0.74,3.845000,1.48346602923
0.74,3.840000,2.94455938463
0.74,3.835000,2.49661178267
0.74,3.830000,1.07538733643
0.74,3.825000,0.273680488932
0.74,3.820000,0.0252616547323
0.74,3.815000,0.401128947368
0.74,3.810000,0.818431123368
0.74,3.805000,3.74612730827
0.74,3.800000,0.661770795668
0.74,3.795000,2.05388363697
0.74,3.790000,3.72307792417
0.74,3.785000,4.85467055727
0.74,3.780000,2.97375080427
0.74,3.775000,0.462714425268
0.74,3.770000,3.14239802787
0.74,3.765000,1.11773845047
0.74,3.760000,0.741206928668
0.74,3.755000,2.46090834417
0.74,3.750000,1.11578240663
0.74,3.745000,4.02621881837
0.74,3.740000,4.63219501647
0.74,3.735000,3.41304076907
0.74,3.730000,0.654414284468
0.74,3.725000,2.70323546487
0.74,3.720000,1.55302113607
0.74,3.715000,2.13352479117
0.74,3.710000,2.47752830697
0.74,3.705000,3.16935994647
0.74,3.700000,3.22711107097
0.74,3.695000,3.28116907887
0.74,3.690000,0.560883731432
0.74,3.685000,5.24847991627
0.74,3.680000,1.55512711857
0.74,3.675000,1.16784331377
0.74,3.670000,1.06782650817
0.74,3.665000,2.78216273827
0.74,3.660000,0.951019738368
0.74,3.655000,1.13074007197
0.74,3.650000,3.24111070227
0.74,3.645000,1.00256988663
0.74,3.640000,2.45925647087
0.74,3.635000,4.49233548457
0.74,3.630000,2.56346678867
0.74,3.625000,3.90064226587
0.74,3.620000,3.08144704197
0.74,3.615000,0.423067665732
0.74,3.610000,3.97623722907
0.74,3.605000,0.826171180368
0.75,4.445000,3.71711830508
0.75,4.440000,1.66735857418
0.75,4.435000,1.03032479688
0.75,4.430000,1.34493878418
0.75,4.425000,4.45616348728
0.75,4.420000,0.521702951179
0.75,4.415000,1.29226701508
0.75,4.410000,3.18148380832
0.75,4.405000,0.966551054079
0.75,4.400000,0.196786372679
0.75,4.395000,0.638286153379
0.75,4.390000,0.484881183579
0.75,4.385000,2.05105106538
0.75,4.380000,2.16088486778
0.75,4.375000,1.16285977768
0.75,4.370000,1.21456988328
0.75,4.365000,3.87939152858
0.75,4.360000,1.48111073058
0.75,4.355000,4.26929137328
0.75,4.350000,5.34664484568
0.75,4.345000,3.18425625788
0.75,4.340000,3.45939082278
0.75,4.335000,0.824596493079
0.75,4.330000,0.357508682621
0.75,4.325000,4.44451055258
0.75,4.320000,1.73541253708
0.75,4.315000,2.14705652058
0.75,4.310000,4.33026440928
0.75,4.305000,2.50121634088
0.75,4.300000,1.67785221908
0.75,4.295000,2.88080991898
0.75,4.290000,3.51042808698
0.75,4.285000,1.01832671088
0.75,4.280000,1.62936353038
0.75,4.275000,2.88673871488
0.75,4.270000,1.84411164378
0.75,4.265000,4.19664978758
0.75,4.260000,2.43790243648
0.75,4.255000,4.09647982278
0.75,4.250000,3.67787713118
0.75,4.245000,0.0641956951786
0.75,4.240000,2.09031384408
0.75,4.235000,1.77119855988
0.75,4.230000,0.455428321279
0.75,4.225000,1.98753893278
0.75,4.220000,2.52419541338
0.75,4.215000,0.964757323979
0.75,4.210000,2.04597833128
0.75,4.205000,2.66534941778
0.75,4.200000,4.87823596198
0.75,4.195000,4.92814564868
0.75,4.190000,2.78307993128
0.75,4.185000,3.88930930198
0.75,4.180000,6.53112731808
0.75,4.175000,4.10091658838
0.75,4.170000,2.59562408678
0.75,4.165000,2.63033620788
0.75,4.160000,0.893867642379
0.75,4.155000,3.02516542242
0.75,4.150000,8.03646579272
0.75,4.145000,0.340884466921
0.75,4.140000,4.16847444238
0.75,4.135000,6.18324106268
0.75,4.135000,5.89102507783
0.75,4.130000,4.30567265873
0.75,4.125000,7.68619356313
0.75,4.120000,5.58759119753
0.75,4.115000,6.13618140673
0.75,4.110000,4.58626420223
0.75,4.105000,0.697123455432
0.75,4.100000,3.38379921843
0.75,4.095000,0.907510686368
0.75,4.090000,2.80184807217
0.75,4.085000,0.928508558268
0.75,4.080000,1.32205637653
0.75,4.075000,0.646914132168
0.75,4.070000,4.61852357583
0.75,4.065000,0.324346178268
0.75,4.060000,0.524898589168
0.75,4.055000,2.18496900913
0.75,4.050000,1.45247469897
0.75,4.045000,0.946812889732
0.75,4.040000,1.62274251827
0.75,4.035000,5.22417081953
0.75,4.030000,3.40084131863
0.75,4.025000,3.41005118693
0.75,4.020000,1.27675322763
0.75,4.015000,3.20518681443
0.75,4.010000,0.304958838032
0.75,4.005000,0.583475410232
0.75,4.000000,0.684047536068
0.75,3.995000,0.148237888968
0.75,3.990000,0.0780757950677
0.75,3.985000,2.28324976913
0.75,3.980000,1.12230165857
0.75,3.975000,3.51089988113
0.75,3.970000,0.262552378232
0.75,3.965000,3.03900807313
0.75,3.960000,2.14969554397
0.75,3.955000,4.37162842283
0.75,3.950000,9.45075328703
0.75,3.945000,28.8187825157
0.75,3.940000,27.1288971337
0.75,3.935000,14.8916891544
0.75,3.930000,2.33329837213
0.75,3.925000,2.18800964273
0.75,3.920000,0.803191997968
0.75,3.915000,2.58017344027
0.75,3.910000,2.39668881477
0.75,3.905000,0.986331215068
0.75,3.900000,1.54222340963
0.75,3.895000,0.828935193168
0.75,3.890000,1.53432027687
0.75,3.885000,2.01680376207
0.75,3.880000,1.68029140767
0.75,3.875000,1.75614708487
0.75,3.870000,1.13938053087
0.75,3.865000,0.687560516132
0.75,3.860000,0.337203773832
0.75,3.855000,0.752993110032
0.75,3.850000,0.452284902332
0.75,3.845000,2.02463105933
0.75,3.840000,0.499278986368
0.75,3.835000,1.20670205467
0.75,3.830000,2.26472209697
0.75,3.825000,1.10957095853
0.75,3.820000,2.92683498157
0.75,3.815000,0.0552430668677
0.75,3.810000,0.912997094668
0.75,3.805000,1.35064590867
0.75,3.800000,0.697328856632
0.75,3.795000,2.43354731407
0.75,3.790000,2.10282547777
0.75,3.785000,4.24780189947
0.75,3.780000,1.38617908303
0.75,3.775000,0.838638282368
0.75,3.770000,2.22772691313
0.75,3.765000,5.17948586417
0.75,3.760000,3.64183810997
0.75,3.755000,0.262178918068
0.75,3.750000,0.926224727468
0.75,3.745000,3.64523827217
0.75,3.740000,0.550720175732
0.75,3.735000,4.29431343427
0.75,3.730000,1.17374414493
0.75,3.725000,5.30553395367
0.75,3.720000,0.327248315932
0.75,3.715000,4.58709109397
0.75,3.710000,4.21811981907
0.75,3.705000,4.52334805257
0.75,3.700000,1.65920253967
0.75,3.695000,3.75198158797
0.75,3.690000,0.640613652932
0.75,3.685000,3.93853030387
0.75,3.680000,2.74390766517
0.75,3.675000,2.18208387527
0.75,3.670000,2.40432712137
0.75,3.665000,1.32473929987
0.75,3.660000,2.25960792097
0.75,3.655000,2.21839972427
0.75,3.650000,6.30969545987
0.75,3.645000,1.53515169907
0.75,3.640000,0.122710855768
0.75,3.635000,2.22328393797
0.75,3.630000,1.55989820783
0.75,3.625000,0.871421329168
0.75,3.620000,2.51690473767
0.75,3.615000,2.00121792237
0.75,3.610000,3.38730666017
0.75,3.605000,2.26233250817
0.76,4.445000,1.16727018448
0.76,4.440000,3.75259315208
0.76,4.435000,5.57660056538
0.76,4.430000,1.25703286952
0.76,4.425000,2.64312996068
0.76,4.420000,0.997174895279
0.76,4.415000,0.614415659721
0.76,4.410000,1.62521073418
0.76,4.405000,2.64071793898
0.76,4.400000,3.05730789248
0.76,4.395000,2.36073097268
0.76,4.390000,3.28368835268
0.76,4.385000,2.68856475118
0.76,4.380000,1.31097949302
0.76,4.375000,0.335641441779
0.76,4.370000,0.642410548279
0.76,4.365000,1.26031184458
0.76,4.360000,0.585846005279
0.76,4.355000,2.75181113118
0.76,4.350000,7.53328684908
0.76,4.345000,5.95323872308
0.76,4.340000,3.94952686298
0.76,4.335000,2.20546578378
0.76,4.330000,0.440719366721
0.76,4.325000,2.11903547408
0.76,4.320000,1.65643760522
0.76,4.315000,2.78678071638
0.76,4.310000,3.54329132278
0.76,4.305000,4.03811241418
0.76,4.300000,3.19629774728
0.76,4.295000,5.25793643498
0.76,4.290000,6.74001319298
0.76,4.285000,3.30585164408
0.76,4.280000,5.15094588358
0.76,4.275000,5.88779695818
0.76,4.270000,1.95170451778
0.76,4.265000,1.25725841958
0.76,4.260000,2.74421759588
0.76,4.255000,4.57755216948
0.76,4.250000,0.0961433162214
0.76,4.245000,4.34150742728
0.76,4.240000,0.219918574979
0.76,4.235000,3.48670080718
0.76,4.230000,0.597688741679
0.76,4.225000,3.35685253668
0.76,4.220000,1.88460051798
0.76,4.215000,0.485795298321
0.76,4.210000,3.61840176618
0.76,4.205000,4.76376328938
0.76,4.200000,1.63670743408
0.76,4.195000,3.17658211878
0.76,4.190000,0.660655957579
0.76,4.185000,3.20988616838
0.76,4.180000,3.69086020098
0.76,4.175000,5.90366001558
0.76,4.170000,7.79944575618
0.76,4.165000,2.91270022718
0.76,4.160000,4.64894932118
0.76,4.155000,2.08708074908
0.76,4.150000,4.41309464622
0.76,4.145000,1.94437886158
0.76,4.140000,4.20813656498
0.76,4.135000,2.31998648778
0.76,4.135000,4.38707057613
0.76,4.130000,0.781269481732
0.76,4.125000,6.56408950163
0.76,4.120000,3.59132672553
0.76,4.115000,4.91683535623
0.76,4.110000,4.04914968583
0.76,4.105000,1.07509401033
0.76,4.100000,3.02274033683
0.76,4.095000,0.830868621868
0.76,4.090000,0.285156955868
0.76,4.085000,0.326680557632
0.76,4.080000,1.38389247493
0.76,4.075000,0.912623828132
0.76,4.070000,6.11930112353
0.76,4.065000,1.99253303877
0.76,4.060000,1.17837263263
0.76,4.055000,0.473196668032
0.76,4.050000,0.970974665768
0.76,4.045000,1.35753029837
0.76,4.040000,1.16694495823
0.76,4.035000,0.261464710568
0.76,4.030000,0.559011434668
0.76,4.025000,0.932295331068
0.76,4.020000,4.32496934863
0.76,4.015000,1.82514446777
0.76,4.010000,3.30914134893
0.76,4.005000,1.78357185803
0.76,4.000000,0.207461927432
0.76,3.995000,0.683898020368
0.76,3.990000,0.887887629332
0.76,3.985000,0.0335525052323
0.76,3.980000,2.80148624483
0.76,3.975000,3.77729585343
0.76,3.970000,0.651582371868
0.76,3.965000,3.62754064033
0.76,3.960000,4.05986133237
0.76,3.955000,1.77566565303
0.76,3.950000,3.43607637123
0.76,3.945000,2.21837355103
0.76,3.940000,2.05258498127
0.76,3.935000,3.50127509133
0.76,3.930000,5.22642142373
0.76,3.925000,1.20367060073
0.76,3.920000,7.07767798693
0.76,3.915000,7.97494589243
0.76,3.910000,21.6391444007
0.76,3.905000,27.4843828377
0.76,3.900000,29.7397279327
0.76,3.895000,19.0722540477
0.76,3.890000,0.660438188832
0.76,3.885000,0.112646002968
0.76,3.880000,0.213700094532
0.76,3.875000,3.28113926647
0.76,3.870000,4.64168484697
0.76,3.865000,0.450832225968
0.76,3.860000,2.20828805493
0.76,3.855000,2.24295433943
0.76,3.850000,0.497376374932
0.76,3.845000,0.0468906159677
0.76,3.840000,0.0574533901677
0.76,3.835000,1.19717234327
0.76,3.830000,2.23469533037
0.76,3.825000,0.00689835503232
0.76,3.820000,0.828534497568
0.76,3.815000,1.80814873003
0.76,3.810000,0.203518373468
0.76,3.805000,2.29794171677
0.76,3.800000,3.26350311723
0.76,3.795000,0.126437611368
0.76,3.790000,0.122568027768
0.76,3.785000,5.73177821617
0.76,3.780000,2.44226382137
0.76,3.775000,1.99268915393
0.76,3.770000,1.55864840293
0.76,3.765000,3.43606077257
0.76,3.760000,0.188473541268
0.76,3.755000,0.492192636068
0.76,3.750000,1.08358319797
0.76,3.745000,5.69517512987
0.76,3.740000,0.340649714732
0.76,3.735000,5.13997368867
0.76,3.730000,3.05004608077
0.76,3.725000,2.12166869267
0.76,3.720000,0.129154809368
0.76,3.715000,5.57204955997
0.76,3.710000,3.14095554057
0.76,3.705000,5.79653943177
0.76,3.700000,4.06636359847
0.76,3.695000,1.87198454647
0.76,3.690000,3.42552235803
0.76,3.685000,5.72356506487
0.76,3.680000,1.77663398053
0.76,3.675000,3.15262013447
0.76,3.670000,2.53291571073
0.76,3.665000,0.352350491668
0.76,3.660000,0.504265745268
0.76,3.655000,1.52688225607
0.76,3.650000,3.48215715437
0.76,3.645000,5.24972544813
0.76,3.640000,2.06688029533
0.76,3.635000,1.04785046947
0.76,3.630000,0.524507253968
0.76,3.625000,4.44517289107
0.76,3.620000,3.17957941727
0.76,3.615000,2.08625736023
0.76,3.610000,2.18741207537
0.76,3.605000,1.68316330297
0.77,4.445000,1.97638477588
0.77,4.440000,4.11388118718
0.77,4.435000,5.53101536968
0.77,4.430000,0.207531685079
0.77,4.425000,5.21383219258
0.77,4.420000,5.07343694668
0.77,4.415000,5.15397846612
0.77,4.410000,5.38112663288
0.77,4.405000,4.19448494438
0.77,4.400000,1.28266732692
0.77,4.395000,4.39402649688
0.77,4.390000,6.70896205378
0.77,4.385000,1.55205723382
0.77,4.380000,2.94436902008
0.77,4.375000,0.374770645479
0.77,4.370000,0.815538684021
0.77,4.365000,4.08309660418
0.77,4.360000,0.172475945279
0.77,4.355000,2.83689006188
0.77,4.350000,3.28006202188
0.77,4.345000,3.17284620428
0.77,4.340000,2.99967503728
0.77,4.335000,3.19990566418
0.77,4.330000,2.99505299842
0.77,4.325000,3.01930858258
0.77,4.320000,2.70551650378
0.77,4.315000,2.72647808858
0.77,4.310000,0.913673691421
0.77,4.305000,0.597293429379
0.77,4.300000,4.16505433448
0.77,4.295000,0.437850627679
0.77,4.290000,0.514763718121
0.77,4.285000,4.66574254188
0.77,4.280000,4.29101408808
0.77,4.275000,3.42012278498
0.77,4.270000,2.14798404898
0.77,4.265000,5.69127173208
0.77,4.260000,2.42915135768
0.77,4.255000,1.61441640918
0.77,4.250000,1.44591736248
0.77,4.245000,2.51119457858
0.77,4.240000,3.17630084488
0.77,4.235000,2.63306283418
0.77,4.230000,0.509752564079
0.77,4.225000,2.92331032968
0.77,4.220000,0.939344917179
0.77,4.215000,5.45456812788
0.77,4.210000,3.64470490998
0.77,4.205000,5.90792077188
0.77,4.200000,0.823118595879
0.77,4.195000,4.93106325778
0.77,4.190000,2.18779784548
0.77,4.185000,5.29639567258
0.77,4.180000,4.39584151838
0.77,4.175000,5.84886383208
0.77,4.170000,4.26273973558
0.77,4.165000,2.97384297688
0.77,4.160000,2.88823829388
0.77,4.155000,1.19166023362
0.77,4.150000,0.824155444021
0.77,4.145000,82.6781575778
0.77,4.140000,6.39081976538
0.77,4.135000,3.57557846138
0.77,4.135000,4.09547658783
0.77,4.130000,2.88297359733
0.77,4.125000,5.67761319673
0.77,4.120000,7.21835577653
0.77,4.115000,6.93161766753
0.77,4.110000,4.56479531253
0.77,4.105000,1.65240444837
0.77,4.100000,2.87883085883
0.77,4.095000,2.21413870307
0.77,4.090000,1.37328979427
0.77,4.085000,1.70588903977
0.77,4.080000,1.84145816723
0.77,4.075000,0.882295780232
0.77,4.070000,1.51276134103
0.77,4.065000,1.93972807793
0.77,4.060000,0.255344214668
0.77,4.055000,0.380229814332
0.77,4.050000,2.39060107887
0.77,4.045000,4.43879472197
0.77,4.040000,1.28600788513
0.77,4.035000,5.65418226053
0.77,4.030000,3.05673578057
0.77,4.025000,3.90515130387
0.77,4.020000,1.02660628143
0.77,4.015000,1.40965381113
0.77,4.010000,4.57972174263
0.77,4.005000,2.19404923273
0.77,4.000000,0.0658927348677
0.77,3.995000,3.03292351717
0.77,3.990000,0.686416300768
0.77,3.985000,1.22756604823
0.77,3.980000,3.91379825713
0.77,3.975000,0.151659264932
0.77,3.970000,2.26215726883
0.77,3.965000,1.92010475313
0.77,3.960000,1.27440985387
0.77,3.955000,3.71791690303
0.77,3.950000,1.02479229513
0.77,3.945000,1.63693861653
0.77,3.940000,0.171918784532
0.77,3.935000,1.39864244587
0.77,3.930000,1.12195146763
0.77,3.925000,0.0327853217323
0.77,3.920000,0.871631406532
0.77,3.915000,3.59647159473
0.77,3.910000,3.08268235983
0.77,3.905000,3.81167322323
0.77,3.900000,0.733746117832
0.77,3.895000,5.65300704803
0.77,3.890000,3.50044902373
0.77,3.885000,1.90399670003
0.77,3.880000,10.5255777662
0.77,3.875000,9.94452233803
0.77,3.870000,18.8701544097
0.77,3.865000,26.0228248657
0.77,3.860000,30.2929568537
0.77,3.855000,29.3983726797
0.77,3.850000,13.7281665286
0.77,3.845000,0.153965405168
0.77,3.840000,1.08991581787
0.77,3.835000,3.55099074107
0.77,3.830000,0.673343916568
0.77,3.825000,0.703930765932
0.77,3.820000,0.00105831346768
0.77,3.815000,0.202019942468
0.77,3.810000,0.969603241168
0.77,3.805000,0.267725308668
0.77,3.800000,0.990242053932
0.77,3.795000,0.362933578368
0.77,3.790000,0.991808598132
0.77,3.785000,3.08753302287
0.77,3.780000,0.439871110868
0.77,3.775000,3.58045722827
0.77,3.770000,4.77708499117
0.77,3.765000,3.49597593797
0.77,3.760000,0.0230960768677
0.77,3.755000,1.78279674587
0.77,3.750000,3.10332738573
0.77,3.745000,2.15770803467
0.77,3.740000,2.03839959663
0.77,3.735000,4.32971055167
0.77,3.730000,2.25554137607
0.77,3.725000,1.33804936407
0.77,3.720000,0.160175212032
0.77,3.715000,3.88756886787
0.77,3.710000,0.246047061132
0.77,3.705000,2.77122090807
0.77,3.700000,2.16002415817
0.77,3.695000,1.08800370737
0.77,3.690000,1.23937845547
0.77,3.685000,2.21858444167
0.77,3.680000,3.20705667317
0.77,3.675000,4.90207300477
0.77,3.670000,1.94306711207
0.77,3.665000,0.819666487868
0.77,3.660000,1.84067194057
0.77,3.655000,0.187657686268
0.77,3.650000,0.720855781832
0.77,3.645000,1.36016938323
0.77,3.640000,0.606370111132
0.77,3.635000,1.71412732997
0.77,3.630000,4.24147231797
0.77,3.625000,0.453925476632
0.77,3.620000,0.976451522632
0.77,3.615000,3.12801494377
0.77,3.610000,4.04696954007
0.77,3.605000,0.426990797732
0.78,4.445000,1.53987283098
0.78,4.440000,4.06871113158
0.78,4.435000,3.48445735488
0.78,4.430000,1.86440577542
0.78,4.425000,5.94619907278
0.78,4.420000,2.48278099338
0.78,4.415000,0.592906461079
0.78,4.410000,3.64720124968
0.78,4.405000,3.49551041218
0.78,4.400000,1.85337402122
0.78,4.395000,4.45998336898
0.78,4.390000,1.89534342428
0.78,4.385000,2.89398912868
0.78,4.380000,1.79800178198
0.78,4.375000,5.17963750868
0.78,4.370000,6.00247385868
0.78,4.365000,1.82175340598
0.78,4.360000,2.24687483158
0.78,4.355000,6.30612408398
0.78,4.350000,4.68782155298
0.78,4.345000,1.40576065158
0.78,4.340000,4.92989659098
0.78,4.335000,7.30458490278
0.78,4.330000,2.72129170088
0.78,4.325000,3.80883383158
0.78,4.320000,0.0309273507786
0.78,4.315000,1.53000218132
0.78,4.310000,0.113468221621
0.78,4.305000,2.21076062038
0.78,4.300000,3.57768473278
0.78,4.295000,0.327045820321
0.78,4.290000,4.48666153538
0.78,4.285000,5.05788648098
0.78,4.280000,5.58294591528
0.78,4.275000,4.10142570338
0.78,4.270000,5.83403353918
0.78,4.265000,0.962940007579
0.78,4.260000,4.28656352338
0.78,4.255000,0.204879749579
0.78,4.250000,1.45105004688
0.78,4.245000,2.56413583508
0.78,4.240000,3.50750372158
0.78,4.235000,1.93289695918
0.78,4.230000,5.69870094008
0.78,4.225000,0.151630978021
0.78,4.220000,0.648077804921
0.78,4.215000,3.98801452058
0.78,4.210000,5.93790629118
0.78,4.205000,3.02755734298
0.78,4.200000,5.82807414918
0.78,4.195000,2.29792469398
0.78,4.190000,5.64821843738
0.78,4.185000,4.85155819128
0.78,4.180000,3.71740111888
0.78,4.175000,5.77430286428
0.78,4.170000,4.61310492458
0.78,4.165000,5.98249548308
0.78,4.160000,2.60386904818
0.78,4.155000,3.56403767308
0.78,4.150000,1.28201138918
0.78,4.145000,0.332665573379
0.78,4.140000,0.857966950879
0.78,4.135000,4.12584891048
0.78,4.135000,4.32762688543
0.78,4.130000,4.36913586563
0.78,4.125000,8.98360783573
0.78,4.120000,5.13772213023
0.78,4.115000,2.51696756773
0.78,4.110000,3.70916948123
0.78,4.105000,1.71719853583
0.78,4.100000,4.72547561383
0.78,4.095000,1.05245544723
0.78,4.090000,1.38077510457
0.78,4.085000,4.15798920927
0.78,4.080000,3.21419560203
0.78,4.075000,2.06222449177
0.78,4.070000,5.88445607633
0.78,4.065000,3.56257082693
0.78,4.060000,2.33276604617
0.78,4.055000,1.32764920623
0.78,4.050000,2.11793751587
0.78,4.045000,0.492704974232
0.78,4.040000,1.67097941397
0.78,4.035000,7.85992090433
0.78,4.030000,0.769795705568
0.78,4.025000,1.44258127567
0.78,4.020000,2.41070145273
0.78,4.015000,4.85989728293
0.78,4.010000,1.63761196543
0.78,4.005000,1.72316875783
0.78,4.000000,1.71395531617
0.78,3.995000,1.04886439457
0.78,3.990000,2.00111076167
0.78,3.985000,3.19671703073
0.78,3.980000,0.891364337732
0.78,3.975000,1.54292131373
0.78,3.970000,0.103214681368
0.78,3.965000,3.57986120033
0.78,3.960000,0.431242064532
0.78,3.955000,0.104985401532
0.78,3.950000,1.32050180957
0.78,3.945000,0.0225753468677
0.78,3.940000,0.520663512568
0.78,3.935000,1.95508882107
0.78,3.930000,0.548393665468
0.78,3.925000,0.524655195532
0.78,3.920000,2.62145340623
0.78,3.915000,0.135645636432
0.78,3.910000,1.66221318047
0.78,3.905000,0.298558962768
0.78,3.900000,1.29086636963
0.78,3.895000,3.40316854073
0.78,3.890000,3.30420544293
0.78,3.885000,2.54878006027
0.78,3.880000,2.54496426413
0.78,3.875000,0.0202759661677
0.78,3.870000,0.790185905632
0.78,3.865000,4.34012202833
0.78,3.860000,1.32663905253
0.78,3.855000,5.58008861183
0.78,3.850000,8.05499852323
0.78,3.845000,2.97784917793
0.78,3.840000,2.41499072073
0.78,3.835000,1.68616024973
0.78,3.830000,4.71133044953
0.78,3.825000,8.83572944913
0.78,3.820000,28.2391420667
0.78,3.815000,34.5954569987
0.78,3.810000,33.1067813727
0.78,3.805000,10.9848097913
0.78,3.800000,3.02665040363
0.78,3.795000,0.911920013268
0.78,3.790000,0.546085302768
0.78,3.785000,6.35184646887
0.78,3.780000,0.674765267432
0.78,3.775000,0.851903407832
0.78,3.770000,2.68002372443
0.78,3.765000,5.47858353267
0.78,3.760000,2.90506574587
0.78,3.755000,4.17797691947
0.78,3.750000,1.05825883767
0.78,3.745000,2.24593651697
0.78,3.740000,2.70213433747
0.78,3.735000,5.72746513947
0.78,3.730000,2.53313979777
0.78,3.725000,1.88012978723
0.78,3.720000,4.74691017537
0.78,3.715000,3.51470743807
0.78,3.710000,3.31834282887
0.78,3.705000,0.0389400660323
0.78,3.700000,3.92153191447
0.78,3.695000,3.58309044167
0.78,3.690000,2.28060140307
0.78,3.685000,6.68317550657
0.78,3.680000,0.708548411868
0.78,3.675000,3.29704500837
0.78,3.670000,0.321450997868
0.78,3.665000,1.87882511087
0.78,3.660000,0.435846830568
0.78,3.655000,1.05310018987
0.78,3.650000,1.74685539903
0.78,3.645000,2.77457686477
0.78,3.640000,0.0511705492323
0.78,3.635000,2.58419505037
0.78,3.630000,1.33702654343
0.78,3.625000,2.08843976943
0.78,3.620000,2.23227670107
0.78,3.615000,1.09657537417
0.78,3.610000,4.29128337227
0.78,3.605000,3.39573346097
0.79,4.445000,2.01993371692
0.79,4.440000,4.53020163768
0.79,4.435000,6.22513283338
0.79,4.430000,0.288938052579
0.79,4.425000,3.06221762428
0.79,4.420000,2.87236310358
0.79,4.415000,0.0300650657214
0.79,4.410000,4.54722230548
0.79,4.405000,2.98912413718
0.79,4.400000,2.61642097872
0.79,4.395000,4.48451313818
0.79,4.390000,0.166511497379
0.79,4.385000,3.55015981872
0.79,4.380000,6.24496699158
0.79,4.375000,1.07897088288
0.79,4.370000,2.76083756208
0.79,4.365000,0.321372476879
0.79,4.360000,0.353412769421
0.79,4.355000,0.573869176521
0.79,4.350000,3.42604442848
0.79,4.345000,4.81268928318
0.79,4.340000,4.15617895858
0.79,4.335000,4.90592041188
0.79,4.330000,0.365887395279
0.79,4.325000,3.32542309808
0.79,4.320000,0.388807287721
0.79,4.315000,4.26667620558
0.79,4.310000,3.56489463428
0.79,4.305000,1.16293964482
0.79,4.300000,4.89635254118
0.79,4.295000,6.48937745258
0.79,4.290000,1.63210234642
0.79,4.285000,2.64921423528
0.79,4.280000,5.16155927178
0.79,4.275000,3.79338211818
0.79,4.270000,0.343640951279
0.79,4.265000,3.74653087358
0.79,4.260000,2.37037432538
0.79,4.255000,6.85737301028
0.79,4.250000,0.642508836721
0.79,4.245000,1.59081153598
0.79,4.240000,0.696397119679
0.79,4.235000,0.0117883278786
0.79,4.230000,1.58533193198
0.79,4.225000,2.36192695908
0.79,4.220000,3.37420400158
0.79,4.215000,2.89928759638
0.79,4.210000,0.492678331721
0.79,4.205000,3.60544332718
0.79,4.200000,1.68060048618
0.79,4.195000,3.59444734948
0.79,4.190000,0.183184780279
0.79,4.185000,1.78451957108
0.79,4.180000,2.94135646888
0.79,4.175000,5.45921789308
0.79,4.170000,3.20188914938
0.79,4.165000,4.68250743748
0.79,4.160000,4.19996762348
0.79,4.155000,2.01590028208
0.79,4.150000,1.68807637532
0.79,4.145000,2.79992104588
0.79,4.140000,1.53483451428
0.79,4.135000,4.44560999518
0.79,4.135000,4.42397325593
0.79,4.130000,3.96802638623
0.79,4.125000,9.69833238983
0.79,4.120000,7.98040987393
0.79,4.115000,2.42070417883
0.79,4.110000,1.69416655173
0.79,4.105000,5.33417237673
0.79,4.100000,0.537442337632
0.79,4.095000,0.379724490468
0.79,4.090000,0.114426914868
0.79,4.085000,1.62535985553
0.79,4.080000,0.787168004932
0.79,4.075000,1.62356759107
0.79,4.070000,0.381667462368
0.79,4.065000,1.77162150893
0.79,4.060000,0.334739238268
0.79,4.055000,3.73120811247
0.79,4.050000,3.34965234457
0.79,4.045000,0.707564043068
0.79,4.040000,1.37606491567
0.79,4.035000,5.00712296253
0.79,4.030000,2.60842711457
0.79,4.025000,1.52584134493
0.79,4.020000,2.89197237863
0.79,4.015000,1.94942859483
0.79,4.010000,0.566449816132
0.79,4.005000,0.323384812132
0.79,4.000000,0.692898646468
0.79,3.995000,0.685913058168
0.79,3.990000,6.01777016317
0.79,3.985000,0.776300088632
0.79,3.980000,2.08902584677
0.79,3.975000,1.39362086117
0.79,3.970000,3.13152523353
0.79,3.965000,1.57948215827
0.79,3.960000,0.146635592532
0.79,3.955000,0.754236151032
0.79,3.950000,1.87331491813
0.79,3.945000,0.554199974632
0.79,3.940000,2.47456842527
0.79,3.935000,2.71777724007
0.79,3.930000,1.33863710857
0.79,3.925000,0.460540560368
0.79,3.920000,1.51537619303
0.79,3.915000,0.450583171068
0.79,3.910000,0.570116647468
0.79,3.905000,0.348387156332
0.79,3.900000,4.74375055213
0.79,3.895000,1.64367391913
0.79,3.890000,0.768884551932
0.79,3.885000,0.167529334368
0.79,3.880000,1.99790387053
0.79,3.875000,1.70427124913
0.79,3.870000,2.30146454873
0.79,3.865000,4.30398438003
0.79,3.860000,0.709225026232
0.79,3.855000,3.09219534463
0.79,3.850000,2.91305253883
0.79,3.845000,0.652440904732
0.79,3.840000,2.37581847953
0.79,3.835000,0.347312357468
0.79,3.830000,0.407806817068
0.79,3.825000,1.29623890857
0.79,3.820000,1.70373572803
0.79,3.815000,0.593360174168
0.79,3.810000,3.87578577123
0.79,3.805000,0.303746192832
0.79,3.800000,0.693652794768
0.79,3.795000,0.113571851532
0.79,3.790000,1.91258044103
0.79,3.785000,2.06279190633
0.79,3.780000,4.12930516653
0.79,3.775000,18.0800424647
0.79,3.770000,30.8717966957
0.79,3.765000,29.1360010127
0.79,3.760000,15.3277477324
0.79,3.755000,2.35297679197
0.79,3.750000,1.47194679107
0.79,3.745000,0.700724921168
0.79,3.740000,0.0447844829323
0.79,3.735000,4.33598384217
0.79,3.730000,1.80267741397
0.79,3.725000,0.309483850232
0.79,3.720000,3.18156409387
0.79,3.715000,2.47826134717
0.79,3.710000,1.86390165097
0.79,3.705000,2.28577166097
0.79,3.700000,5.21326600537
0.79,3.695000,5.83434594127
0.79,3.690000,1.69343363427
0.79,3.685000,3.59725685217
0.79,3.680000,2.75230569457
0.79,3.675000,0.0840679244323
0.79,3.670000,0.302109487168
0.79,3.665000,0.504924684068
0.79,3.660000,0.225360415968
0.79,3.655000,0.397112524168
0.79,3.650000,0.150133404132
0.79,3.645000,4.10292428303
0.79,3.640000,1.82214432787
0.79,3.635000,1.23223613947
0.79,3.630000,1.15099942217
0.79,3.625000,3.15149829597
0.79,3.620000,2.00936691727
0.79,3.615000,2.27755087087
0.79,3.610000,2.74221117167
0.79,3.605000,0.429554594232
0.80,4.445000,2.23492741928
0.80,4.440000,4.89988476138
0.80,4.435000,1.17515376768
0.80,4.430000,2.85301759868
0.80,4.425000,2.03810817048
0.80,4.420000,3.30053444548
0.80,4.415000,2.51549008208
0.80,4.410000,0.172933497821
0.80,4.405000,3.85595902758
0.80,4.400000,1.20778482642
0.80,4.395000,3.96534150678
0.80,4.390000,4.23890735522
0.80,4.385000,3.30921102888
0.80,4.380000,0.551114084621
0.80,4.375000,2.16330413048
0.80,4.370000,1.48265389658
0.80,4.365000,2.63354378938
0.80,4.360000,1.50656998798
0.80,4.355000,2.61528999588
0.80,4.350000,0.00418981287859
0.80,4.345000,3.41117489088
0.80,4.340000,3.73777302588
0.80,4.335000,4.04917221808
0.80,4.330000,4.86338418808
0.80,4.325000,0.804534303679
0.80,4.320000,0.767064608279
0.80,4.315000,0.0786271923214
0.80,4.310000,0.151335325721
0.80,4.305000,4.20713827622
0.80,4.300000,5.87479885868
0.80,4.295000,0.326873764479
0.80,4.290000,1.17362994758
0.80,4.285000,3.36077327528
0.80,4.280000,5.79203202188
0.80,4.275000,3.96849591238
0.80,4.270000,3.55941845008
0.80,4.265000,2.72947544122
0.80,4.260000,0.963354629579
0.80,4.255000,5.43801380918
0.80,4.250000,0.241267580479
0.80,4.245000,1.96300813038
0.80,4.240000,3.65867669578
0.80,4.235000,3.52205192418
0.80,4.230000,6.52888745288
0.80,4.225000,3.93150849078
0.80,4.220000,5.19634077858
0.80,4.215000,4.82246198528
0.80,4.210000,4.46581410198
0.80,4.205000,6.23688456518
0.80,4.200000,1.33666541888
0.80,4.195000,2.45370320078
0.80,4.190000,0.881274380379
0.80,4.185000,0.114669055579
0.80,4.180000,3.76358454068
0.80,4.175000,6.27899088058
0.80,4.170000,3.08158094108
0.80,4.165000,4.88922293168
0.80,4.160000,4.84377854098
0.80,4.155000,4.93408952028
0.80,4.150000,1.17431345968
0.80,4.145000,0.884178820879
0.80,4.140000,68.3596950208
0.80,4.135000,4.90012516768
0.80,4.135000,1.84049724433
0.80,4.130000,0.998605326432
0.80,4.125000,7.91686420453
0.80,4.120000,5.03481221683
0.80,4.115000,4.26349124813
0.80,4.110000,1.42231704243
0.80,4.105000,3.12477395353
0.80,4.100000,2.37544778903
0.80,4.095000,2.26149164867
0.80,4.090000,0.407775653068
0.80,4.085000,4.49040090153
0.80,4.080000,0.777717831632
0.80,4.075000,3.46405801847
0.80,4.070000,2.59109860253
0.80,4.065000,0.171904903032
0.80,4.060000,2.33060032657
0.80,4.055000,2.61661134013
0.80,4.050000,2.79074139607
0.80,4.045000,0.731637558468
0.80,4.040000,3.37471840603
0.80,4.035000,4.81735949233
0.80,4.030000,1.20688972503
0.80,4.025000,0.266245264532
0.80,4.020000,0.582074841268
0.80,4.015000,4.08153665643
0.80,4.010000,1.62709318433
0.80,4.005000,1.17371880843
0.80,4.000000,2.45313184047
0.80,3.995000,1.19280004523
0.80,3.990000,1.36922162413
0.80,3.985000,3.76828790923
0.80,3.980000,5.33855740013
0.80,3.975000,0.760419509932
0.80,3.970000,6.09865882373
0.80,3.965000,1.84965411883
0.80,3.960000,0.527845103468
0.80,3.955000,0.573738616032
0.80,3.950000,1.16615415523
0.80,3.945000,0.183751654632
0.80,3.940000,1.86903678267
0.80,3.935000,0.917521834268
0.80,3.930000,0.979158844868
0.80,3.925000,1.87262384753
0.80,3.920000,3.72600992793
0.80,3.915000,1.59420623417
0.80,3.910000,0.0918801718323
0.80,3.905000,1.60588064607
0.80,3.900000,0.951361009732
0.80,3.895000,0.882365918968
0.80,3.890000,2.76160118037
0.80,3.885000,1.18543069643
0.80,3.880000,2.02681970953
0.80,3.875000,0.294141500232
0.80,3.870000,3.01503499257
0.80,3.865000,0.839096307368
0.80,3.860000,3.78366277833
0.80,3.855000,1.38669806637
0.80,3.850000,0.361775188768
0.80,3.845000,0.819859673332
0.80,3.840000,1.04561084833
0.80,3.835000,1.13234789493
0.80,3.830000,3.32301419023
0.80,3.825000,0.718796806232
0.80,3.820000,1.05183153687
0.80,3.815000,0.0452817865677
0.80,3.810000,0.646503409068
0.80,3.805000,0.788291582168
0.80,3.800000,1.93675073237
0.80,3.795000,1.64675203813
0.80,3.790000,0.0901846500677
0.80,3.785000,4.01514438977
0.80,3.780000,0.939371719932
0.80,3.775000,0.946677354532
0.80,3.770000,0.0661801566677
0.80,3.765000,1.31673699977
0.80,3.760000,0.283441576168
0.80,3.755000,1.21388451317
0.80,3.750000,1.72302843483
0.80,3.745000,0.916927291732
0.80,3.740000,2.00250245203
0.80,3.735000,5.89192929553
0.80,3.730000,18.7352443577
0.80,3.725000,32.0559489817
0.80,3.720000,30.7971062847
0.80,3.715000,18.2243119457
0.80,3.710000,2.56314856083
0.80,3.705000,2.56740075877
0.80,3.700000,2.64586777807
0.80,3.695000,4.16040386957
0.80,3.690000,4.20407278807
0.80,3.685000,2.55143345187
0.80,3.680000,2.24174574447
0.80,3.675000,3.02421924393
0.80,3.670000,0.934522002968
0.80,3.665000,0.455408166032
0.80,3.660000,0.203607788432
0.80,3.655000,0.880254229232
0.80,3.650000,0.896938204068
0.80,3.645000,0.769019849568
0.80,3.640000,2.03218623557
0.80,3.635000,0.622663683568
0.80,3.630000,1.18585727927
0.80,3.625000,0.744733672568
0.80,3.620000,3.99923869847
0.80,3.615000,4.98027563477
0.80,3.610000,3.62248559267
0.80,3.605000,0.852166990532
